user_id,is_manager,email,password,username,create_time
1,0,user1@example.com,^m&ut3&I52MT,user1,2025-06-24 07:31:49
2,1,user2@example.com,y9p9_(Am)bZM,user2,2024-12-09 16:49:49
3,0,user3@example.com,cJBVGAkp6!Q9,user3,2024-12-24 14:10:49
4,1,user4@example.com,0@vJQ^TnmDD1,user4,2025-02-07 17:57:49
5,1,user5@example.com,dZ1_xGb@M0(B,user5,2025-02-04 18:20:49
6,0,user6@example.com,6HPcJSeycG&&,user6,2025-05-17 23:32:49
7,0,user7@example.com,89RXB)iw*gFq,user7,2025-08-09 01:35:49
8,0,user8@example.com,%3*DBg+*E@6X,user8,2025-05-19 18:37:49
9,0,user9@example.com,(O5NBdhg)dQP,user9,2025-04-14 07:03:49
10,0,user10@example.com,AZ&YQtq40PZ(,user10,2024-11-21 10:37:49
11,0,user11@example.com,zkM5WXlaD*^*,user11,2025-06-09 16:35:49
12,0,user12@example.com,D)n(GePuKZ&0,user12,2025-06-05 09:06:49
13,0,user13@example.com,#2MaXWNv+SFe,user13,2025-08-08 02:09:49
14,0,user14@example.com,n3N95VgJ+2EL,user14,2024-12-28 22:38:49
15,0,user15@example.com,q21Ql0Nf(CQT,user15,2025-04-02 05:35:49
16,0,user16@example.com,*L#ByCyW$8P4,user16,2025-03-08 10:57:49
17,0,user17@example.com,IH(3O3AejvZF,user17,2024-09-17 13:07:49
18,0,user18@example.com,+b4ezMpE&FD1,user18,2024-12-15 04:16:49
19,0,user19@example.com,x(94J&qt1h(o,user19,2025-01-23 10:34:49
20,0,user20@example.com,(8%cJSvpl&p%,user20,2025-07-11 03:46:49
21,1,user21@example.com,(Q6(It2BAi9P,user21,2025-03-18 15:13:49
22,0,user22@example.com,gS2%vamJOn0A,user22,2025-08-19 23:08:49
23,0,user23@example.com,#@6rL%bbPxWd,user23,2024-11-20 09:51:49
24,0,user24@example.com,0lS6IAE!*NP2,user24,2024-11-09 04:35:49
25,0,user25@example.com,$@@5MRhserG2,user25,2025-08-05 17:55:49
26,0,user26@example.com,s2g)_QPnlnBw,user26,2024-10-04 18:09:49
27,0,user27@example.com,E0nTYYcO!lEu,user27,2025-04-03 23:36:49
28,0,user28@example.com,^+fIgyOGNz7X,user28,2025-01-24 10:27:49
29,0,user29@example.com,g5UI%7bu#9QM,user29,2024-10-02 09:11:49
30,0,user30@example.com,9^1zzatu^%P7,user30,2025-03-12 14:33:49
31,1,user31@example.com,(4qH+DwIfIF(,user31,2025-08-10 13:23:49
32,0,user32@example.com,6%$0Xujp8$aY,user32,2025-05-06 07:47:49
33,0,user33@example.com,Fw(mGtvyf$5L,user33,2024-12-29 18:02:49
34,0,user34@example.com,MDA8yEaf!H0+,user34,2024-12-02 11:16:49
35,1,user35@example.com,*&D&6ErrhIIQ,user35,2025-02-01 02:55:49
36,0,user36@example.com,*P4p38lHKwoS,user36,2025-03-09 22:16:49
37,0,user37@example.com,^*uRMLja+x9P,user37,2025-05-14 16:07:49
38,1,user38@example.com,)U#0AYzKi(Av,user38,2025-05-13 22:58:49
39,1,user39@example.com,z!BoRQj#Ia02,user39,2024-11-12 14:56:49
40,0,user40@example.com,O$f6L!9h%O2i,user40,2025-06-27 06:38:49
41,0,user41@example.com,s)t%WT%fWIe7,user41,2024-11-24 10:04:49
42,0,user42@example.com,12hKbGgC@!8E,user42,2024-12-20 00:31:49
43,0,user43@example.com,^42SLBZnY6YH,user43,2025-08-13 05:15:49
44,0,user44@example.com,!4Exw$hduAGW,user44,2024-09-26 02:47:49
45,0,user45@example.com,wW6JO71og@jW,user45,2025-02-20 16:42:49
46,0,user46@example.com,+I3(S+Jy^Y3M,user46,2025-08-09 14:08:49
47,0,user47@example.com,r56Otj987#7K,user47,2025-01-27 15:05:49
48,0,user48@example.com,$5QCmM#!r5LF,user48,2025-08-14 17:12:49
49,0,user49@example.com,$F9Sgjv*WX4F,user49,2024-12-09 16:49:49
50,0,user50@example.com,t9uIFX^#!NXk,user50,2025-08-04 13:33:49
51,0,user51@example.com,2zb_$hwI@ilM,user51,2024-10-20 11:50:49
52,0,user52@example.com,mI2MNdSZ&&YF,user52,2025-01-10 17:05:49
53,0,user53@example.com,(OFx2)vyN8#c,user53,2025-01-14 04:42:49
54,0,user54@example.com,9n14HtG)$fM$,user54,2025-06-28 16:25:49
55,0,user55@example.com,SY6TVJaoK@XO,user55,2025-04-27 04:19:49
56,0,user56@example.com,)JDKP$c&*j6%,user56,2024-12-19 19:59:49
57,0,user57@example.com,d(1rTxkcf!nX,user57,2024-12-13 09:03:49
58,0,user58@example.com,P7E7iB#1%vcs,user58,2025-08-27 03:53:49
59,0,user59@example.com,Q!5ORpgrFF_C,user59,2025-07-24 21:18:49
60,0,user60@example.com,)Z0JbB!q+XJP,user60,2025-03-06 14:50:49
61,0,user61@example.com,!E0A4VVbYN)),user61,2024-12-11 02:23:49
62,0,user62@example.com,@jUe!ZTD1Kvg,user62,2024-10-19 12:33:49
63,0,user63@example.com,+6*Xh2IQ!ZFX,user63,2025-06-02 12:20:49
64,0,user64@example.com,!ohMrL4*5#7W,user64,2025-05-16 13:39:49
65,0,user65@example.com,tx96sVz0s(3+,user65,2025-08-26 19:22:49
66,0,user66@example.com,$wUMR!@w56kG,user66,2025-04-30 13:28:49
67,0,user67@example.com,u1_#$dYd!%Dt,user67,2025-03-17 05:21:49
68,0,user68@example.com,&#wt1HgYN)kZ,user68,2025-03-15 09:07:49
69,0,user69@example.com,^FBxPpX#4bjJ,user69,2025-05-16 05:00:49
70,0,user70@example.com,0!Sij!OO$1OD,user70,2025-01-05 00:15:49
71,0,user71@example.com,%3Z^kdhYEHWr,user71,2025-09-09 04:14:49
72,0,user72@example.com,JS3yYv)i^WJV,user72,2024-10-15 17:19:49
73,0,user73@example.com,Kj5FMo52Aeo(,user73,2025-02-22 21:24:49
74,1,user74@example.com,5)7Lf0a2+_8A,user74,2025-06-10 06:22:49
75,0,user75@example.com,M!pK4ym@7@4G,user75,2025-07-26 20:47:49
76,0,user76@example.com,aq&V41xK7d3V,user76,2025-07-27 21:02:49
77,1,user77@example.com,@pPoqsC!6t*%,user77,2025-07-06 20:03:49
78,0,user78@example.com,S^PZnSIw3oH1,user78,2025-01-14 00:03:49
79,0,user79@example.com,G%_0YbIiAHwx,user79,2024-11-08 04:30:49
80,0,user80@example.com,YM#1xZZzmM9S,user80,2025-06-22 02:37:49
81,1,user81@example.com,%c6lVEiBNY&s,user81,2025-09-01 20:31:49
82,1,user82@example.com,vR@9aK^zXUp1,user82,2025-06-30 06:17:49
83,1,user83@example.com,r8jbFkt2&RgK,user83,2025-05-24 19:56:49
84,0,user84@example.com,TNtd$2Pp+BdO,user84,2024-12-27 12:24:49
85,0,user85@example.com,EZ1$gFu&Ni&3,user85,2025-04-30 02:46:49
86,0,user86@example.com,jTtKDp$9@O5y,user86,2025-08-08 20:50:49
87,0,user87@example.com,BAVKk#fgS*1!,user87,2024-10-05 01:20:49
88,0,user88@example.com,!8bcq&tYY0Rq,user88,2025-02-06 04:04:49
89,0,user89@example.com,T7AJBJZj%^#2,user89,2024-12-15 04:11:49
90,0,user90@example.com,V0@miS&MsYV!,user90,2025-06-08 01:12:49
91,0,user91@example.com,*Lhuxhd_i90I,user91,2025-06-25 15:03:49
92,0,user92@example.com,r!BGBWwaXB0f,user92,2025-07-10 03:09:49
93,0,user93@example.com,^GUvkT9%y2nz,user93,2024-12-18 03:37:49
94,0,user94@example.com,)6SFn5LcB4+u,user94,2025-07-17 03:09:49
95,0,user95@example.com,SjO#RNZzfyA4,user95,2025-04-21 18:23:49
96,1,user96@example.com,k9Yaj5UsrQN%,user96,2025-01-21 03:11:49
97,0,user97@example.com,sjp6SOqF%5B#,user97,2025-08-08 05:52:49
98,0,user98@example.com,@0GjJwsmx6#2,user98,2024-12-25 00:40:49
99,1,user99@example.com,qLRt%Wl(!70Z,user99,2025-04-21 05:40:49
100,0,user100@example.com,*2L6Essh$keZ,user100,2025-01-08 03:57:49
101,0,user101@example.com,^VK0MFGvGKlG,user101,2025-04-30 02:15:49
102,0,user102@example.com,v!r_LHucYL2m,user102,2025-01-23 15:46:49
103,1,user103@example.com,%#5_qHIx8oC0,user103,2025-01-26 10:08:49
104,0,user104@example.com,(309z2Ezzu*U,user104,2025-02-02 17:59:49
105,0,user105@example.com,PPOzv9E$#810,user105,2025-07-09 15:27:49
106,0,user106@example.com,$gi0_cY29!dC,user106,2025-03-06 15:56:49
107,0,user107@example.com,&4i)bUTp^dUp,user107,2025-01-13 12:25:49
108,0,user108@example.com,5qWhGh%q@OPR,user108,2025-02-18 05:02:49
109,0,user109@example.com,0@Tw@TgfnZM3,user109,2025-05-18 14:27:49
110,0,user110@example.com,#Vi((rd44b0I,user110,2024-12-20 07:51:49
111,0,user111@example.com,9xTEHqeo&yBH,user111,2025-03-11 10:07:49
112,0,user112@example.com,_!(1n2b4J5HL,user112,2025-08-31 09:37:49
113,0,user113@example.com,S9X6IKwu_Z(V,user113,2024-09-14 19:48:49
114,0,user114@example.com,))9E9o&S)XU8,user114,2024-10-25 10:40:49
115,0,user115@example.com,Nm#*8Jxtu0wB,user115,2025-07-14 12:16:49
116,1,user116@example.com,+%%K%Yag(40g,user116,2025-04-27 12:10:49
117,0,user117@example.com,^2mQghVNget),user117,2025-06-09 11:24:49
118,1,user118@example.com,xUIjqWmL)1PG,user118,2025-02-04 22:20:49
119,0,user119@example.com,^OK0AZxV&uBo,user119,2025-02-14 15:38:49
120,0,user120@example.com,!0RBXKnsJMIc,user120,2024-11-21 04:28:49
121,0,user121@example.com,F(3UDnOKYzDR,user121,2025-04-20 18:21:49
122,0,user122@example.com,sumzrD+9P(21,user122,2025-02-04 17:55:49
123,0,user123@example.com,!!nStH*@)0WT,user123,2024-10-20 17:21:49
124,0,user124@example.com,_Q6#^dOMJ$aT,user124,2024-11-02 13:08:49
125,0,user125@example.com,$YIf%2Y@45i$,user125,2025-07-09 06:12:49
126,0,user126@example.com,)mA2xOwaGf4K,user126,2024-11-30 06:13:49
127,0,user127@example.com,G!r2ECFl@xJt,user127,2024-10-26 16:10:49
128,0,user128@example.com,#b5Hen7n)Kn%,user128,2025-05-10 17:02:49
129,0,user129@example.com,3wUsL)e7&6F6,user129,2025-06-09 13:13:49
130,0,user130@example.com,p8i#Cr@e@j51,user130,2025-04-06 03:24:49
131,0,user131@example.com,&9mHEWjYYp$1,user131,2025-01-24 03:29:49
132,1,user132@example.com,!Y1(tgm#7+2H,user132,2025-03-16 19:56:49
133,1,user133@example.com,%f6hcD!nj2$S,user133,2025-08-30 20:40:49
134,0,user134@example.com,BjDtIBzz_RD1,user134,2025-06-04 03:42:49
135,0,user135@example.com,c3bQbO2w+T70,user135,2025-01-24 16:30:49
136,0,user136@example.com,D&0_lNNe!$)F,user136,2025-01-30 22:41:49
137,0,user137@example.com,)3iKuWMin(9E,user137,2025-02-20 03:53:49
138,0,user138@example.com,++U9O$MdNh4g,user138,2025-05-15 10:00:49
139,0,user139@example.com,S!&ZGza66_7j,user139,2024-09-12 20:32:49
140,1,user140@example.com,f(XGZE5_uz2D,user140,2025-03-16 18:19:49
141,1,user141@example.com,Jgz0YG4pZHy&,user141,2025-08-03 23:25:49
142,0,user142@example.com,!_^%er%zw0TG,user142,2025-02-01 15:09:49
143,1,user143@example.com,&BMxGqpxX^9c,user143,2025-02-26 03:30:49
144,0,user144@example.com,_qRVougd^7Tv,user144,2024-11-07 12:28:49
145,0,user145@example.com,4d3h4na1*64I,user145,2025-01-17 15:02:49
146,0,user146@example.com,^ISKpSsi+z8*,user146,2025-09-08 11:49:49
147,0,user147@example.com,&9XP$$dwMy_$,user147,2024-12-03 09:57:49
148,1,user148@example.com,oxg!6LPQ^2mE,user148,2025-04-04 13:50:49
149,1,user149@example.com,2L3VI@ll1!9c,user149,2025-03-22 08:07:49
150,0,user150@example.com,@zO(#nOaZWo4,user150,2024-12-26 00:00:49
151,0,user151@example.com,C4s8$CElU)E!,user151,2025-09-07 17:56:49
152,0,user152@example.com,$3bO8PtU!wz#,user152,2025-06-28 07:35:49
153,1,user153@example.com,E8kqvUdi_PZ9,user153,2025-08-29 10:53:49
154,0,user154@example.com,rk5sVz+3r!HH,user154,2025-07-28 01:39:49
155,0,user155@example.com,6#ax^2XjAEM4,user155,2025-06-21 22:15:49
156,0,user156@example.com,^iI5@$Ls82*5,user156,2024-11-08 07:24:49
157,0,user157@example.com,@19qZKxChaHc,user157,2024-12-30 15:54:49
158,0,user158@example.com,!1U7MtuTz%Xf,user158,2024-10-15 16:10:49
159,0,user159@example.com,#&mJRVTqWC3E,user159,2024-12-20 23:45:49
160,0,user160@example.com,%8W86T*lyoYH,user160,2024-12-25 15:14:49
161,0,user161@example.com,3j70gRqqjR@e,user161,2024-12-25 01:19:49
162,0,user162@example.com,&@aGktbD4F7F,user162,2025-08-31 22:35:49
163,0,user163@example.com,5!4JWnOykNvi,user163,2024-09-09 22:28:49
164,0,user164@example.com,!X73fjog$jHK,user164,2025-07-28 20:10:49
165,1,user165@example.com,@+ge0c&Dt2Ay,user165,2025-03-09 16:48:49
166,0,user166@example.com,P5Be@zBr0O+J,user166,2024-11-28 18:32:49
167,1,user167@example.com,#owQxpd48e@7,user167,2024-12-10 22:57:49
168,0,user168@example.com,($58CIah7JIG,user168,2025-09-08 05:21:49
169,1,user169@example.com,dgznbQXi$I9c,user169,2024-12-26 03:07:49
170,0,user170@example.com,hpPVzAYhG*9Q,user170,2025-08-06 20:25:49
171,0,user171@example.com,ui8VphVU_%iE,user171,2025-08-02 11:57:49
172,0,user172@example.com,M2nsqvGn$)E6,user172,2025-05-27 12:25:49
173,0,user173@example.com,&HzOLvli(4FQ,user173,2025-01-17 04:18:49
174,0,user174@example.com,T^6IASa67KQO,user174,2025-01-06 22:54:49
175,0,user175@example.com,ufFYhlJW79o%,user175,2024-10-28 23:31:49
176,1,user176@example.com,^@3IvZKcTvdK,user176,2024-11-06 15:51:49
177,0,user177@example.com,*2gQ$cSyi(4^,user177,2024-09-20 10:33:49
178,0,user178@example.com,)CBSvo_I7YB2,user178,2025-09-03 05:09:49
179,0,user179@example.com,(bCkrcA64KRA,user179,2024-09-30 16:28:49
180,0,user180@example.com,_VF5OvT$BRIT,user180,2025-01-02 10:27:49
181,0,user181@example.com,*yGIf33wp4_r,user181,2025-01-15 05:43:49
182,0,user182@example.com,+8fXlRzjeQM2,user182,2024-12-02 13:53:49
183,0,user183@example.com,c+%4Wo95_BT+,user183,2025-01-10 19:54:49
184,0,user184@example.com,C39bd2+1#HME,user184,2024-12-24 05:55:49
185,0,user185@example.com,%OuLapWS&78s,user185,2025-05-25 17:35:49
186,1,user186@example.com,D9a$CL6a)kAD,user186,2024-12-15 11:49:49
187,1,user187@example.com,W(1P*f)UEFZ0,user187,2024-10-21 03:55:49
188,0,user188@example.com,7*57JSe6!$6w,user188,2024-09-14 08:58:49
189,0,user189@example.com,#r@vOkXcr3+7,user189,2025-01-04 08:11:49
190,1,user190@example.com,&U@WSd%6Wy$4,user190,2024-12-31 22:44:49
191,0,user191@example.com,!vIS&fgc+D7@,user191,2025-06-29 06:50:49
192,0,user192@example.com,#Q0^W%qpF@Zx,user192,2025-07-10 10:12:49
193,0,user193@example.com,nishnlVK+7EA,user193,2025-03-20 08:05:49
194,0,user194@example.com,5@T4UYh$bHYj,user194,2025-05-31 22:12:49
195,0,user195@example.com,s_AAW5VtIA_S,user195,2025-04-14 11:49:49
196,1,user196@example.com,&80Jak(c$)18,user196,2025-02-22 02:08:49
197,0,user197@example.com,wPz2PkR!0v&4,user197,2025-02-02 11:18:49
198,1,user198@example.com,8Fusb^yK@EXY,user198,2025-07-19 18:19:49
199,0,user199@example.com,_@7rPFBl+WLw,user199,2024-10-19 15:57:49
200,0,user200@example.com,Pz0VyYSs@S#3,user200,2025-01-29 03:52:49
201,1,user201@example.com,nO$R4Kf%A^ct,user201,2025-03-02 06:16:49
202,1,user202@example.com,rNXuHcIj+2(u,user202,2024-10-21 07:14:49
203,0,user203@example.com,_2RaYI^kfHmp,user203,2024-11-30 02:59:49
204,0,user204@example.com,A8Wyrq*Wnns!,user204,2025-08-14 20:46:49
205,0,user205@example.com,o6OCqexg&uZ3,user205,2025-06-30 23:17:49
206,0,user206@example.com,!HU8okh+bh9V,user206,2025-08-15 03:04:49
207,1,user207@example.com,%2sejwPWsAEU,user207,2025-02-09 09:54:49
208,0,user208@example.com,4LiLDkVW(R1N,user208,2024-10-10 11:47:49
209,0,user209@example.com,k)olR#r#PG%3,user209,2025-04-08 04:37:49
210,0,user210@example.com,4qz&xCynN8LS,user210,2025-07-10 14:31:49
211,1,user211@example.com,^82gdK2e29TG,user211,2025-05-26 03:15:49
212,0,user212@example.com,3!+fYCl0YzA0,user212,2024-12-02 12:44:49
213,0,user213@example.com,DpE7Y&dB!yoR,user213,2025-01-22 07:04:49
214,0,user214@example.com,v28mQja+^4_V,user214,2025-05-08 18:01:49
215,0,user215@example.com,M!rR^0ZrNc36,user215,2025-07-25 09:57:49
216,0,user216@example.com,UuctiUfo0#3O,user216,2024-11-22 13:16:49
217,1,user217@example.com,#dl1!TPtgZ5t,user217,2025-02-10 07:46:49
218,0,user218@example.com,$TYI$vNw$3*_,user218,2025-05-25 07:55:49
219,0,user219@example.com,t!pT8PZml^@S,user219,2025-08-09 04:55:49
220,0,user220@example.com,@8m!)g3J(ySX,user220,2025-03-09 15:29:49
221,0,user221@example.com,9OUy2^$ci4J%,user221,2024-10-22 14:07:49
222,0,user222@example.com,@0)tlBw96)ko,user222,2025-05-05 07:47:49
223,0,user223@example.com,#7YFhul!RDSE,user223,2025-01-31 10:18:49
224,0,user224@example.com,n2YFRx+R(RDb,user224,2025-08-29 16:10:49
225,0,user225@example.com,_3eJGjXX0w9G,user225,2025-01-10 01:41:49
226,1,user226@example.com,X3g_^^Gi+R^U,user226,2025-02-21 03:18:49
227,0,user227@example.com,_8sWHdizqpMB,user227,2025-01-23 12:22:49
228,1,user228@example.com,8$2sVaka1_5y,user228,2025-06-22 15:39:49
229,0,user229@example.com,%)9HbEf_k6FQ,user229,2025-07-15 20:28:49
230,0,user230@example.com,20GFZMqu&n5H,user230,2025-01-18 17:37:49
231,0,user231@example.com,Nut*%27d51%M,user231,2025-09-09 15:58:49
232,0,user232@example.com,v)50pD&buM6^,user232,2025-08-20 23:27:49
233,0,user233@example.com,E(yV1!az@$4R,user233,2025-07-05 23:56:49
234,0,user234@example.com,#v5pEs1mWs&4,user234,2025-01-28 21:24:49
235,1,user235@example.com,VvH4Xw5kP$Oz,user235,2025-08-04 10:39:49
236,0,user236@example.com,BI4b@Fyn*W7H,user236,2025-06-03 07:56:49
237,0,user237@example.com,8ItRdBh0J%3k,user237,2024-11-06 20:12:49
238,0,user238@example.com,*Kmxs^h0#4Wn,user238,2025-01-17 11:52:49
239,0,user239@example.com,aVl7xHps@1d6,user239,2025-05-08 04:39:49
240,0,user240@example.com,%13WuKxi%rMB,user240,2025-05-06 19:46:49
241,0,user241@example.com,5&Ebi)Ex7#6I,user241,2025-04-05 19:11:49
242,1,user242@example.com,SDismdcj)(K7,user242,2024-09-28 23:46:49
243,1,user243@example.com,)3L%Lbi$sWIy,user243,2025-05-15 22:45:49
244,0,user244@example.com,0sk50F&hM^D$,user244,2025-05-16 05:10:49
245,0,user245@example.com,7%!yIqfP_Wz1,user245,2025-02-06 08:29:49
246,0,user246@example.com,+lHj2elk50bT,user246,2025-09-06 10:25:49
247,0,user247@example.com,571Uo#f49Z$X,user247,2025-08-06 13:41:49
248,0,user248@example.com,%jnFwbAB2%X&,user248,2025-04-03 13:58:49
249,0,user249@example.com,M#(PUEfhj*2G,user249,2025-04-27 11:06:49
250,0,user250@example.com,(kOeRjfB3i&u,user250,2024-12-30 01:01:49
251,0,user251@example.com,a9aDQjde*#tB,user251,2025-01-04 06:14:49
252,0,user252@example.com,00#8D)Tn(7gr,user252,2024-11-09 15:13:49
253,0,user253@example.com,H24htoqPl)PY,user253,2025-05-23 19:34:49
254,1,user254@example.com,oca2XxDk6^#z,user254,2025-08-13 22:09:49
255,1,user255@example.com,(46Ijrh6^lMf,user255,2025-01-21 21:16:49
256,0,user256@example.com,^RCmDooj6vNc,user256,2025-07-14 17:13:49
257,1,user257@example.com,^q376*Cok4^Z,user257,2025-06-04 14:31:49
258,0,user258@example.com,N6ZrUBJz_EtW,user258,2025-01-13 18:53:49
259,0,user259@example.com,EEwdGg#V!fJ3,user259,2025-02-28 08:51:49
260,0,user260@example.com,3%Zvg+Zx@CzQ,user260,2025-07-16 20:07:49
261,0,user261@example.com,zTk2tSim_u3T,user261,2025-03-14 06:16:49
262,1,user262@example.com,+KG#cW548%je,user262,2025-05-26 07:50:49
263,0,user263@example.com,%3qyf(MfQnJP,user263,2025-04-04 07:07:49
264,1,user264@example.com,M_6Ei62kIXA+,user264,2025-01-10 13:49:49
265,0,user265@example.com,P$NKyKdM2V_9,user265,2025-01-24 13:52:49
266,0,user266@example.com,gCeoZMlS$@6D,user266,2025-01-10 19:32:49
267,0,user267@example.com,bg2_RpuVcD%S,user267,2024-10-24 08:10:49
268,0,user268@example.com,@lK8ZaSkC2(6,user268,2025-01-15 17:21:49
269,0,user269@example.com,&R81L+z@2%l_,user269,2025-05-01 13:25:49
270,1,user270@example.com,@1E_r#OgJYe1,user270,2024-11-03 09:49:49
271,0,user271@example.com,@eY!21DbxEyK,user271,2024-10-29 18:56:49
272,0,user272@example.com,*0skYaKwt0Vr,user272,2024-09-21 09:13:49
273,0,user273@example.com,ptT_0Qe!lk^6,user273,2025-09-07 20:24:49
274,0,user274@example.com,$CNUyxs2z9bM,user274,2024-10-20 18:11:49
275,0,user275@example.com,X+pOIuzu^8iU,user275,2025-07-17 04:27:49
276,0,user276@example.com,j08+sKf6ga*C,user276,2025-02-24 11:14:49
277,0,user277@example.com,_4vzJUlzLpHI,user277,2024-12-31 15:13:49
278,0,user278@example.com,#SgBZF6t#4&p,user278,2025-09-04 20:53:49
279,0,user279@example.com,*v1Xj(1PC0uN,user279,2025-06-24 00:57:49
280,0,user280@example.com,YR4Yctlc)5Mm,user280,2025-03-30 05:49:49
281,0,user281@example.com,H_1MORkSiV+r,user281,2024-11-08 17:40:49
282,1,user282@example.com,GS9k3)9Y*wJE,user282,2025-06-20 12:46:49
283,1,user283@example.com,A^6Tg!S3P(3b,user283,2025-08-23 04:37:49
284,0,user284@example.com,!_9WvU!IsVn!,user284,2025-06-19 06:16:49
285,1,user285@example.com,)Hd%nyKhv8Ea,user285,2025-08-04 11:33:49
286,1,user286@example.com,fFEs6_+l_6+P,user286,2025-07-22 06:41:49
287,0,user287@example.com,&%JRi5my&N7C,user287,2025-01-24 14:58:49
288,1,user288@example.com,u2(j3Bth^jLc,user288,2025-01-17 00:15:49
289,0,user289@example.com,VO8Ngmf9@$Qh,user289,2024-12-07 22:24:49
290,1,user290@example.com,$&sN4i2&cz37,user290,2025-04-12 10:55:49
291,0,user291@example.com,^&%26YGn6WuT,user291,2025-03-03 11:25:49
292,0,user292@example.com,N)cdEc$el*B2,user292,2025-01-28 13:01:49
293,0,user293@example.com,n#KN)Sw5ta5(,user293,2025-06-23 10:16:49
294,0,user294@example.com,&AV2BTvl!koR,user294,2025-06-05 10:08:49
295,0,user295@example.com,ETzXaE@lW$+5,user295,2025-05-07 03:39:49
296,0,user296@example.com,u(F97Hmwg3LE,user296,2025-07-19 23:43:49
297,0,user297@example.com,Jg6^3HDzKXrq,user297,2025-07-19 19:42:49
298,0,user298@example.com,@72ePdqKJBy1,user298,2025-05-14 05:14:49
299,0,user299@example.com,_r32jFbsKHWK,user299,2025-04-12 13:05:49
300,1,user300@example.com,^kY1@YX921t5,user300,2024-11-06 02:00:49
301,0,user301@example.com,o&M5KQu@4)Ha,user301,2025-03-03 03:17:49
302,1,user302@example.com,QS6MeMUb$W0W,user302,2024-11-05 11:23:49
303,0,user303@example.com,hv4Aqy%s@!IY,user303,2025-09-06 16:32:49
304,0,user304@example.com,(8S4GpWT@iQf,user304,2024-10-27 08:59:49
305,1,user305@example.com,b(_@sE!k2RE5,user305,2025-03-19 16:10:49
306,0,user306@example.com,4xAcOM20Z0+m,user306,2025-05-02 18:34:49
307,0,user307@example.com,Rf5(8r2yk(nJ,user307,2025-05-28 19:20:49
308,0,user308@example.com,7maOX#vx^ro1,user308,2024-09-27 09:01:49
309,0,user309@example.com,R*3so@C%^Y1W,user309,2025-08-01 14:10:49
310,0,user310@example.com,xS!79ATz$WrG,user310,2024-12-03 05:08:49
311,0,user311@example.com,wP)$$IxkMDN4,user311,2025-02-18 22:37:49
312,1,user312@example.com,t#+iPxx3wa5U,user312,2024-12-10 17:31:49
313,1,user313@example.com,V@7lmAk_STJd,user313,2024-09-18 11:46:49
314,0,user314@example.com,neO_+0sBZ68n,user314,2024-10-03 10:46:49
315,0,user315@example.com,KPn@g2#iU*9R,user315,2025-04-02 20:36:49
316,0,user316@example.com,D$l9FA6ul%Us,user316,2025-02-09 07:11:49
317,0,user317@example.com,#454IAj(hLO@,user317,2025-03-07 00:00:49
318,0,user318@example.com,&^wMKKhnN18r,user318,2025-02-14 14:12:49
319,0,user319@example.com,sz((Oss!7O+3,user319,2025-06-21 07:05:49
320,0,user320@example.com,H3EGfQ5^_^$u,user320,2025-02-14 01:16:49
321,0,user321@example.com,jte@Z1JaMOK*,user321,2025-06-18 16:12:49
322,1,user322@example.com,h8_6MqqKi8+Q,user322,2025-06-28 23:21:49
323,0,user323@example.com,&X@kt8AnlHPm,user323,2025-07-26 01:33:49
324,0,user324@example.com,PemSW^9x@0BA,user324,2024-12-25 15:03:49
325,0,user325@example.com,%(JUJtpc_U6L,user325,2025-06-19 04:02:49
326,0,user326@example.com,lO4_8PCdIs8y,user326,2025-07-16 07:41:49
327,0,user327@example.com,Z)E^p07r2M3*,user327,2025-05-31 11:04:49
328,0,user328@example.com,$28VJFng_HUQ,user328,2025-08-18 04:52:49
329,1,user329@example.com,o8Oevnr7^NbF,user329,2024-10-19 08:07:49
330,0,user330@example.com,#pQ9SyQg9&3u,user330,2024-10-26 21:20:49
331,0,user331@example.com,*aH5VMJb&6Z%,user331,2024-10-17 12:33:49
332,0,user332@example.com,N_H9ZDw&y+bC,user332,2025-06-01 05:01:49
333,0,user333@example.com,F_CeuBbvjqM5,user333,2025-08-19 07:39:49
334,1,user334@example.com,#1H_OCwxKkY0,user334,2025-03-10 17:03:49
335,0,user335@example.com,7hP&5A$I@aI%,user335,2025-06-03 18:16:49
336,0,user336@example.com,z@opHOkF*&3w,user336,2024-09-30 18:30:49
337,0,user337@example.com,@OH*glq(W7Ri,user337,2025-07-11 07:34:49
338,0,user338@example.com,)s6UG9aXC4VT,user338,2024-10-23 10:31:49
339,0,user339@example.com,*_8xs$9b_eUi,user339,2024-11-15 12:45:49
340,0,user340@example.com,nh3yiX_m%*Kr,user340,2025-03-05 05:40:49
341,0,user341@example.com,5Ov0qHSu%C+A,user341,2025-08-29 19:33:49
342,0,user342@example.com,P_1m4vlo)qZ*,user342,2025-01-14 12:44:49
343,0,user343@example.com,^2_kLlW1XFFd,user343,2025-01-18 14:21:49
344,0,user344@example.com,*%JMm+kDr+0h,user344,2025-07-17 18:04:49
345,0,user345@example.com,q$L#V5bekRd7,user345,2025-03-06 17:21:49
346,0,user346@example.com,K3qNAYk(@KJO,user346,2024-12-21 23:10:49
347,1,user347@example.com,2!2nQDnT+&H+,user347,2025-07-05 17:13:49
348,0,user348@example.com,ttu7xOuj^Iz@,user348,2024-12-22 18:09:49
349,0,user349@example.com,f&c0ZOn3FacL,user349,2025-02-27 23:22:49
350,1,user350@example.com,@LyIDQ0dVSJ4,user350,2025-08-07 00:26:49
351,0,user351@example.com,amQ*^3OAsIg9,user351,2025-07-15 14:04:49
352,0,user352@example.com,mA@6E4$q#gY8,user352,2025-01-01 10:21:49
353,0,user353@example.com,L2DlWyHT*yFR,user353,2025-06-16 22:22:49
354,0,user354@example.com,!KqjfTkeA&D3,user354,2025-05-19 17:19:49
355,0,user355@example.com,@SG0BSkyhO#j,user355,2025-05-03 14:52:49
356,0,user356@example.com,+4ilJv9O1tzH,user356,2025-04-22 06:03:49
357,0,user357@example.com,0g(h_e6Q+r3S,user357,2025-01-07 13:35:49
358,0,user358@example.com,40l7DkZ8%wHF,user358,2024-12-24 12:52:49
359,0,user359@example.com,UL6IcfDtk#NC,user359,2025-05-31 14:47:49
360,1,user360@example.com,+#dHRnDhb2Y1,user360,2025-04-19 22:52:49
361,0,user361@example.com,D^Prw0CiFAVC,user361,2025-06-15 12:05:49
362,0,user362@example.com,r2Sv(pjh$*5A,user362,2025-08-15 23:18:49
363,0,user363@example.com,h$vGlNdAS^1^,user363,2025-01-21 02:39:49
364,0,user364@example.com,1oV)cOva$tIT,user364,2025-07-18 11:38:49
365,0,user365@example.com,*#Zb7OEgK3PX,user365,2025-02-19 20:21:49
366,0,user366@example.com,2_Py)qJ7&MZU,user366,2025-03-01 08:36:49
367,1,user367@example.com,4$H&Nqaq@5kY,user367,2025-03-24 17:44:49
368,0,user368@example.com,7mFy(3*f*ZbQ,user368,2024-10-28 21:09:49
369,0,user369@example.com,_SU)JJJaE4JF,user369,2024-12-19 11:53:49
370,0,user370@example.com,LVF1MqvpMB^s,user370,2024-11-13 22:15:49
371,0,user371@example.com,(7lOFDmmktx+,user371,2025-09-08 21:10:49
372,0,user372@example.com,rPX*V96zg_4D,user372,2025-04-14 00:32:49
373,0,user373@example.com,Qx2Xqx6v)PoL,user373,2024-12-21 08:15:49
374,1,user374@example.com,sQ8T8e+7Kt0%,user374,2025-01-02 12:33:49
375,0,user375@example.com,HN#jYju6yQc6,user375,2025-08-29 19:12:49
376,0,user376@example.com,31CcSQet*83m,user376,2025-04-07 16:39:49
377,0,user377@example.com,Dkk4raIz0$Rm,user377,2025-05-18 06:35:49
378,0,user378@example.com,oAziHbjSe(5O,user378,2025-07-03 13:49:49
379,0,user379@example.com,&yIXt1Ku%4Ya,user379,2025-01-09 15:04:49
380,1,user380@example.com,@QFSasM$n8B_,user380,2025-05-07 22:03:49
381,0,user381@example.com,+%a19QvK1A_B,user381,2025-08-08 00:03:49
382,0,user382@example.com,p5TRkU(6(qBo,user382,2025-04-24 07:21:49
383,0,user383@example.com,&idFDbnM4DBK,user383,2025-09-04 18:31:49
384,0,user384@example.com,T5YrlAr2&#lR,user384,2025-03-14 00:31:49
385,0,user385@example.com,_bDldu$!#3+v,user385,2024-11-05 03:26:49
386,0,user386@example.com,!n5BTiu#&7Z),user386,2025-06-17 20:10:49
387,1,user387@example.com,e_S!N0wT#WtM,user387,2025-08-28 08:01:49
388,0,user388@example.com,Z4RouUoR$oy4,user388,2025-08-11 17:12:49
389,0,user389@example.com,ub35RDn9@+u2,user389,2024-10-08 14:03:49
390,0,user390@example.com,eM+9WMXuprpm,user390,2024-12-18 00:31:49
391,0,user391@example.com,^TtGhvrdf9_k,user391,2024-10-16 06:20:49
392,0,user392@example.com,*FzRH6qw7(E5,user392,2024-12-23 11:08:49
393,0,user393@example.com,v!5V5eaau^dN,user393,2025-08-15 20:22:49
394,0,user394@example.com,*8FygboI3w2p,user394,2024-12-08 19:48:49
395,0,user395@example.com,*VJ!&Fn6l5r0,user395,2025-01-14 17:25:49
396,0,user396@example.com,*L%Z45Hs(Kz3,user396,2025-06-12 13:06:49
397,0,user397@example.com,1*6Lt*ZoF)^i,user397,2024-10-15 19:05:49
398,0,user398@example.com,u9*Ws+Pf)56m,user398,2024-09-19 11:27:49
399,1,user399@example.com,#C^l1Mxr3HHQ,user399,2024-10-19 02:29:49
400,0,user400@example.com,#xEXl7j!63YP,user400,2024-12-16 11:54:49
401,0,user401@example.com,xynhEA@yYL+1,user401,2025-05-21 17:16:49
402,0,user402@example.com,)4r@Y^rkQpkN,user402,2025-06-15 11:15:49
403,0,user403@example.com,@8qcWcQdxUUR,user403,2025-05-29 14:25:49
404,0,user404@example.com,zGp3FPnkA!2$,user404,2025-06-03 07:51:49
405,0,user405@example.com,UIX^*B)$!5Xm,user405,2025-02-26 23:14:49
406,0,user406@example.com,H7_pSv0nP$9R,user406,2024-10-04 02:42:49
407,0,user407@example.com,_F!ySz(49)@O,user407,2024-12-11 22:12:49
408,0,user408@example.com,m&pP7C_aAV3a,user408,2025-01-28 20:58:49
409,0,user409@example.com,L*21D2WqRa2U,user409,2025-04-05 13:47:49
410,0,user410@example.com,pm1Gs7Ub^GGk,user410,2025-08-01 01:14:49
411,1,user411@example.com,w+1GMPBayr3@,user411,2025-08-24 20:05:49
412,1,user412@example.com,$F9Nqzd0ctlu,user412,2025-06-19 09:03:49
413,0,user413@example.com,)Mg^kO7hxKg6,user413,2025-08-25 19:04:49
414,0,user414@example.com,(nAO^rKp08UX,user414,2024-10-20 18:28:49
415,1,user415@example.com,JBgOk!)e@5Gx,user415,2025-08-17 17:18:49
416,0,user416@example.com,C#w9T%hh_8tF,user416,2025-03-07 13:20:49
417,0,user417@example.com,y%32^Pjxk(rE,user417,2024-12-09 23:08:49
418,0,user418@example.com,$eqUP+NM%2uf,user418,2024-09-10 08:06:49
419,0,user419@example.com,%95_PBMi_fRA,user419,2025-05-28 17:10:49
420,1,user420@example.com,$j6(Iyoq0BBG,user420,2024-10-20 17:20:49
421,0,user421@example.com,)JD4q4$&7Gxc,user421,2024-10-21 10:42:49
422,1,user422@example.com,U(CndD*p7Z8x,user422,2025-07-20 23:59:49
423,0,user423@example.com,39!Pidw^$U3t,user423,2025-03-21 06:56:49
424,1,user424@example.com,)JPF*1$t90GH,user424,2025-05-01 11:09:49
425,0,user425@example.com,FKUzZOVb@9@P,user425,2025-03-05 09:23:49
426,0,user426@example.com,*1R4iOE6ndJ6,user426,2024-12-26 04:18:49
427,0,user427@example.com,Kc+FkcVt!4#K,user427,2025-08-25 07:11:49
428,0,user428@example.com,&7AwHBq&@SE6,user428,2025-07-21 08:42:49
429,0,user429@example.com,a^#LTW$dsS6e,user429,2024-12-08 01:59:49
430,0,user430@example.com,&U5(vojevXCV,user430,2025-07-25 01:20:49
431,0,user431@example.com,*kVGEyBt_n3_,user431,2025-01-29 19:39:49
432,0,user432@example.com,8%34ONas8x7j,user432,2025-08-13 19:50:49
433,0,user433@example.com,Jl0V^Mt9^mWM,user433,2024-12-31 21:22:49
434,0,user434@example.com,5P^Mb5K(!ya9,user434,2024-12-30 01:50:49
435,0,user435@example.com,&qcLSr^EcR57,user435,2024-12-20 11:36:49
436,0,user436@example.com,8k*W^PwiE!9$,user436,2025-04-17 13:28:49
437,0,user437@example.com,AFkFSMkn+VO3,user437,2025-06-17 16:32:49
438,0,user438@example.com,3BSQ)uFu!E3M,user438,2024-12-31 21:37:49
439,0,user439@example.com,j9z%PC^x@G5R,user439,2024-10-23 09:50:49
440,1,user440@example.com,z8R&W$pt_eyS,user440,2025-02-18 21:07:49
441,0,user441@example.com,Cl*6Wenu2DDn,user441,2024-10-14 19:49:49
442,0,user442@example.com,8b8e9dTfa^R(,user442,2025-04-28 06:15:49
443,0,user443@example.com,6^_cUHlzJW3K,user443,2025-06-14 07:16:49
444,0,user444@example.com,@s1zz@Myr5Fx,user444,2025-01-17 15:38:49
445,0,user445@example.com,#XKJjS8)q3L9,user445,2024-09-22 00:31:49
446,1,user446@example.com,@e^OQm313l5U,user446,2024-11-16 09:39:49
447,1,user447@example.com,(Bye#ddGe7Lv,user447,2025-01-21 22:37:49
448,0,user448@example.com,(pz3GnRb(TK1,user448,2025-06-15 05:44:49
449,0,user449@example.com,I^U4dGdX*19c,user449,2025-05-01 01:58:49
450,1,user450@example.com,i%(HR@NY(99J,user450,2025-01-15 23:16:49
451,0,user451@example.com,*3&r4)Ot!WSw,user451,2024-12-24 13:55:49
452,0,user452@example.com,ejK#&FFwRhd6,user452,2024-09-14 01:03:49
453,0,user453@example.com,*Xy5InOfHq2P,user453,2025-05-05 20:52:49
454,0,user454@example.com,Sw35J+oz$8P0,user454,2025-03-15 14:57:49
455,0,user455@example.com,a9DlKSr1$RId,user455,2025-06-05 11:26:49
456,0,user456@example.com,&P0@Rol7^e+J,user456,2025-06-16 23:06:49
457,1,user457@example.com,l5^d%27b+BPR,user457,2025-06-24 15:22:49
458,0,user458@example.com,s2Q0Pc2X@iUn,user458,2025-04-10 06:55:49
459,1,user459@example.com,V3W4mn+m^&!m,user459,2024-10-18 16:55:49
460,0,user460@example.com,O+MXh!xi%x9W,user460,2025-02-23 06:10:49
461,1,user461@example.com,K0O%78Rtl6#R,user461,2025-01-28 21:58:49
462,0,user462@example.com,2HOP37oq)cXU,user462,2024-10-21 10:43:49
463,1,user463@example.com,6^6m#llq%uGL,user463,2025-05-01 00:25:49
464,0,user464@example.com,71mAwc2eBx^@,user464,2025-05-08 06:28:49
465,0,user465@example.com,lK1&tkT(^3hE,user465,2024-10-13 06:18:49
466,0,user466@example.com,Pm9zRpxr!9cu,user466,2024-10-09 23:28:49
467,0,user467@example.com,j)5NxWHLRVZ8,user467,2025-05-14 23:01:49
468,0,user468@example.com,eeHRB9Oo4(0o,user468,2025-01-20 06:52:49
469,0,user469@example.com,)*5C$eoaAm&(,user469,2024-09-16 16:15:49
470,0,user470@example.com,Z_bD5N3n!9X%,user470,2025-02-16 21:27:49
471,0,user471@example.com,8Q3!Qqfi+VUR,user471,2025-05-04 06:42:49
472,0,user472@example.com,c((BZObzgF0u,user472,2024-10-26 06:39:49
473,0,user473@example.com,(N1ZEkIGPEs_,user473,2025-06-07 23:52:49
474,0,user474@example.com,_a7B!8e3fhP6,user474,2025-02-22 04:14:49
475,0,user475@example.com,!8YgXZj4by+H,user475,2025-08-21 11:38:49
476,0,user476@example.com,@3&+%f&XAo!G,user476,2025-05-30 03:50:49
477,1,user477@example.com,(282oe+f#MQx,user477,2024-11-19 05:38:49
478,0,user478@example.com,%L0PTr)u0hLz,user478,2025-01-09 04:11:49
479,0,user479@example.com,H43hrLozQ&jK,user479,2025-03-04 03:51:49
480,0,user480@example.com,#_oAdSVWm_1L,user480,2025-01-19 13:29:49
481,1,user481@example.com,AyxA%wBs)4Pm,user481,2024-12-20 16:26:49
482,0,user482@example.com,l(5_Qy1Ggg^%,user482,2025-03-11 00:09:49
483,0,user483@example.com,(5cQ&Nhz$1^S,user483,2025-02-26 08:09:49
484,1,user484@example.com,(W6KLGi&JzH8,user484,2025-02-07 06:32:49
485,0,user485@example.com,&W@20Egxq0ww,user485,2025-03-13 01:56:49
486,1,user486@example.com,Zj+&QWYuU!3m,user486,2025-04-06 20:47:49
487,0,user487@example.com,@0s3CTsseL6T,user487,2024-12-14 12:21:49
488,0,user488@example.com,g_qRJInoE_j5,user488,2025-01-16 14:02:49
489,1,user489@example.com,!b&uuepE87VG,user489,2025-08-05 00:00:49
490,0,user490@example.com,)1EPCzyolkOO,user490,2024-11-25 20:58:49
491,0,user491@example.com,ZW7TDoEXX_K8,user491,2025-06-27 08:30:49
492,0,user492@example.com,Ac0bryl$N^)H,user492,2025-02-10 05:54:49
493,0,user493@example.com,2hMxyx62%WCj,user493,2024-10-12 15:23:49
494,0,user494@example.com,_0JobdUW!lDP,user494,2025-03-12 12:55:49
495,0,user495@example.com,hW4^TLhT!7q8,user495,2024-09-23 11:45:49
496,0,user496@example.com,C%*ib20l+M6H,user496,2025-01-06 19:21:49
497,0,user497@example.com,#RRIuYfd6p@),user497,2025-04-19 08:57:49
498,0,user498@example.com,N(2XkHqC5lk_,user498,2025-03-29 04:41:49
499,0,user499@example.com,%GQj%wUfDW6Z,user499,2024-10-18 17:30:49
500,0,user500@example.com,GphHUMD5&#87,user500,2025-06-23 10:18:49
501,0,user501@example.com,#$Ca0NkTcQ9O,user501,2025-07-28 01:15:49
502,0,user502@example.com,vEo*ajnLLO8Y,user502,2025-06-30 03:19:49
503,0,user503@example.com,m49UFwy)!0I9,user503,2024-11-15 19:30:49
504,1,user504@example.com,!_1Mjc^dvM+N,user504,2025-08-03 23:54:49
505,0,user505@example.com,*AyJ9&a9V9l@,user505,2025-07-20 02:03:49
506,0,user506@example.com,fy7pHJzx*enJ,user506,2025-06-06 05:50:49
507,0,user507@example.com,E!zAu@Ej!5OQ,user507,2025-05-26 07:22:49
508,0,user508@example.com,#NggCPkbF6vj,user508,2024-10-31 21:34:49
509,0,user509@example.com,uk3EHQLc(4+q,user509,2025-07-24 22:15:49
510,0,user510@example.com,Yyt1jGWpg*7N,user510,2024-10-19 11:00:49
511,0,user511@example.com,A@@44HaGLv6l,user511,2025-05-23 04:07:49
512,0,user512@example.com,kT$AiqGc460F,user512,2025-01-27 22:16:49
513,1,user513@example.com,8$$fWzs2Z!5W,user513,2025-07-11 11:46:49
514,0,user514@example.com,(6IAqW!YIUn),user514,2025-06-30 04:41:49
515,0,user515@example.com,@v49FkEb+$If,user515,2025-01-05 05:15:49
516,1,user516@example.com,d+I%1EIehZ^P,user516,2025-01-01 12:41:49
517,1,user517@example.com,x&KH3EkrNV9j,user517,2024-11-06 21:12:49
518,1,user518@example.com,c35ACsUu$L2M,user518,2025-03-29 05:28:49
519,0,user519@example.com,U$Y4yQsp9gxw,user519,2024-10-04 10:19:49
520,0,user520@example.com,*(MktyqBRV1D,user520,2025-02-03 06:29:49
521,1,user521@example.com,b*81mr)W(3BV,user521,2024-10-18 08:32:49
522,0,user522@example.com,#_6RLMHy6&%+,user522,2025-08-30 01:10:49
523,0,user523@example.com,+x&ahNKt8tso,user523,2025-03-24 16:40:49
524,0,user524@example.com,*66vB3i4#Qh8,user524,2025-06-28 18:59:49
525,0,user525@example.com,)kW9nJyjvu0U,user525,2024-10-24 15:51:49
526,1,user526@example.com,f*%S*YIz+61J,user526,2024-10-07 08:51:49
527,0,user527@example.com,ZlmY4)Vb&!ZA,user527,2024-12-14 02:23:49
528,0,user528@example.com,As8UwObS$4)(,user528,2025-04-17 06:51:49
529,0,user529@example.com,L6cuW^s$(aX!,user529,2024-11-30 18:20:49
530,0,user530@example.com,v7&VeFrL_N*%,user530,2025-03-12 04:47:49
531,0,user531@example.com,8YSX1NUg#Cr$,user531,2025-04-23 03:50:49
532,0,user532@example.com,eHOYroBk@7D9,user532,2024-10-09 04:22:49
533,1,user533@example.com,d)GhXSe1PA!0,user533,2025-06-03 09:27:49
534,0,user534@example.com,0DXz@dZio#W7,user534,2024-11-13 00:07:49
535,0,user535@example.com,W$g+9Fixp&#Z,user535,2025-08-20 07:26:49
536,0,user536@example.com,t91Jpz1z^nIZ,user536,2025-02-14 02:36:49
537,1,user537@example.com,TE*_0Yf&^2EO,user537,2025-04-09 17:12:49
538,1,user538@example.com,r(4DiIeKeq&@,user538,2025-01-09 00:23:49
539,0,user539@example.com,43y+UHsa&011,user539,2024-12-27 02:33:49
540,0,user540@example.com,731Yn$oM+(e+,user540,2025-06-25 23:29:49
541,0,user541@example.com,Yr(%3NzhGBdU,user541,2024-11-07 23:07:49
542,0,user542@example.com,Ln_NQzJQHN7c,user542,2024-10-02 23:43:49
543,0,user543@example.com,+7PhMrlRyoHR,user543,2025-06-12 16:30:49
544,1,user544@example.com,M%0b8My*4xEO,user544,2025-08-22 06:23:49
545,1,user545@example.com,F5*(34ohg*nC,user545,2024-10-09 19:49:49
546,0,user546@example.com,RD5GDIbzCM_q,user546,2025-06-30 10:37:49
547,0,user547@example.com,(wTDIuymTX7n,user547,2025-04-08 14:46:49
548,1,user548@example.com,FPtWjkC@I$8A,user548,2025-08-30 06:36:49
549,0,user549@example.com,*66WZWse(!nM,user549,2025-08-13 04:36:49
550,0,user550@example.com,+BNPyZZy&909,user550,2025-07-11 06:36:49
551,0,user551@example.com,%7$MvQ*z^CFW,user551,2025-02-14 06:08:49
552,1,user552@example.com,n2PcRC@e!WQM,user552,2025-02-23 00:35:49
553,0,user553@example.com,G^2IXKMe+rCr,user553,2024-10-07 15:42:49
554,0,user554@example.com,(ddG^4oY*73%,user554,2024-12-03 17:07:49
555,0,user555@example.com,eb9PLuo_%iBy,user555,2025-05-24 15:32:49
556,1,user556@example.com,Gk62Pzn5f8I*,user556,2025-09-07 19:29:49
557,0,user557@example.com,Kg7xzc7v#HAB,user557,2025-07-26 13:17:49
558,1,user558@example.com,4mIKqNiyAR@9,user558,2025-01-11 19:55:49
559,0,user559@example.com,UdX_EC@i(6ex,user559,2025-05-08 05:26:49
560,0,user560@example.com,xpI7KiQnz!Qg,user560,2025-08-15 08:23:49
561,0,user561@example.com,QfcVr5aq*9i@,user561,2024-09-19 15:26:49
562,0,user562@example.com,PI%Fx&9hc185,user562,2025-04-11 23:37:49
563,0,user563@example.com,u83RXGfi!4xt,user563,2025-01-16 22:13:49
564,0,user564@example.com,^7_5GrXIe7N3,user564,2025-08-13 22:10:49
565,1,user565@example.com,5^lM8Iv2rHh&,user565,2025-09-01 23:29:49
566,0,user566@example.com,_j)l7Nb3_dFT,user566,2025-07-31 07:53:49
567,0,user567@example.com,+@64+Nu#udnJ,user567,2024-11-06 14:17:49
568,0,user568@example.com,%nJ_inB6@R33,user568,2024-11-02 18:52:49
569,0,user569@example.com,*U9NeT8zf5EV,user569,2024-11-18 20:44:49
570,0,user570@example.com,fyGoDOr9%9I(,user570,2025-06-16 15:21:49
571,1,user571@example.com,6(uJVyfd%XIY,user571,2024-10-14 14:32:49
572,0,user572@example.com,3_QV4f%_VcW),user572,2025-01-08 07:23:49
573,0,user573@example.com,(5EUVmtOM#Ut,user573,2025-04-23 01:51:49
574,0,user574@example.com,@9g(C8PkYQ^p,user574,2025-08-09 00:31:49
575,0,user575@example.com,tEws_7XqGjUt,user575,2024-11-06 09:17:49
576,0,user576@example.com,q7slUI!s#w58,user576,2025-09-02 15:34:49
577,0,user577@example.com,%1J2UBwq4!!S,user577,2024-11-14 06:16:49
578,0,user578@example.com,XR3!xkuxFSPk,user578,2025-02-22 22:48:49
579,0,user579@example.com,CxkdjGk7RF*8,user579,2025-05-13 05:54:49
580,0,user580@example.com,geE5*SV8^6Iy,user580,2025-03-29 11:55:49
581,0,user581@example.com,(W*dV^qS&75P,user581,2024-11-13 18:54:49
582,0,user582@example.com,j_G%ErLhbG9D,user582,2024-11-21 15:55:49
583,0,user583@example.com,cCR*_+6Dl5TY,user583,2024-12-02 22:23:49
584,0,user584@example.com,9@VDiT4a6(9^,user584,2025-03-16 03:07:49
585,0,user585@example.com,4m5$9Zu0)kLp,user585,2025-01-04 08:00:49
586,0,user586@example.com,bIVW$$bue!2P,user586,2025-05-13 10:34:49
587,1,user587@example.com,^J157K^iR4Hm,user587,2025-02-19 05:27:49
588,0,user588@example.com,#(6fpfb%BVI4,user588,2025-05-02 01:24:49
589,1,user589@example.com,dx!)fjIp_24w,user589,2025-02-24 05:38:49
590,1,user590@example.com,k9Ed062i(z6D,user590,2025-03-12 17:58:49
591,0,user591@example.com,x2qL0JVh1Q4(,user591,2024-12-17 11:16:49
592,0,user592@example.com,HYS)1Q4hJAQ0,user592,2025-03-29 04:40:49
593,0,user593@example.com,vU3ptho5!gcZ,user593,2025-06-05 14:00:49
594,1,user594@example.com,XydMVTjA)m1Y,user594,2024-09-16 10:49:49
595,0,user595@example.com,G8XjJHiOs$0i,user595,2025-03-10 07:23:49
596,0,user596@example.com,SjM2(&Vs*n$a,user596,2025-06-25 13:10:49
597,0,user597@example.com,VM9)56UmHWaK,user597,2024-12-31 08:17:49
598,1,user598@example.com,4PO(Sp7&X$2L,user598,2024-10-21 05:22:49
599,1,user599@example.com,J6SbwMXH)!Ol,user599,2025-04-01 01:11:49
600,0,user600@example.com,(Jy3PUpGH85k,user600,2024-12-18 01:11:49
601,1,user601@example.com,&e8BAuDC7lSH,user601,2025-05-28 01:41:49
602,0,user602@example.com,Lxk4QGgB@A41,user602,2025-05-23 11:13:49
603,0,user603@example.com,!oFnZqFdS9kn,user603,2025-02-03 16:44:49
604,0,user604@example.com,bzKJPUxof@1_,user604,2024-11-02 15:56:49
605,0,user605@example.com,RapfvyPb*6Jp,user605,2025-03-20 14:01:49
606,0,user606@example.com,JGvlqG7s^55),user606,2025-08-26 19:10:49
607,0,user607@example.com,r&vQG)je^y5a,user607,2024-09-13 05:41:49
608,0,user608@example.com,0xKTW&xh!gc),user608,2025-08-08 00:32:49
609,0,user609@example.com,*DbDsds8!w1H,user609,2025-07-09 22:07:49
610,0,user610@example.com,fJ_gFs4l^t4@,user610,2024-11-24 12:31:49
611,1,user611@example.com,Unc2_of6%cFZ,user611,2024-10-02 03:47:49
612,1,user612@example.com,1)i(pqVUU14J,user612,2025-06-20 08:57:49
613,0,user613@example.com,x9RxWNAq2M#8,user613,2025-05-19 15:10:49
614,0,user614@example.com,^Z%kZHu@6Ky8,user614,2025-03-13 18:15:49
615,0,user615@example.com,08XEql0*^9P*,user615,2025-08-26 18:56:49
616,0,user616@example.com,oV0Q&_!m18@s,user616,2024-09-10 20:31:49
617,0,user617@example.com,$Dh&CrBk9Zm&,user617,2025-01-05 19:06:49
618,1,user618@example.com,)wYgl_7e6peC,user618,2025-09-07 13:29:49
619,0,user619@example.com,@8aYX%setXPq,user619,2024-11-12 01:44:49
620,0,user620@example.com,oG31oWr23!6r,user620,2025-07-18 04:52:49
621,0,user621@example.com,r@EG#4zp&6tn,user621,2025-02-22 16:49:49
622,0,user622@example.com,1s+KTtGUx50a,user622,2025-06-15 05:57:49
623,0,user623@example.com,ki07Er%es@HU,user623,2024-09-28 19:43:49
624,0,user624@example.com,%c7%CbYnYth3,user624,2025-06-02 19:02:49
625,0,user625@example.com,^a%5$Lhfy!0g,user625,2025-05-20 17:13:49
626,0,user626@example.com,W64##TSqffD8,user626,2025-03-01 21:04:49
627,0,user627@example.com,0CBt#eIw@a)p,user627,2025-07-22 07:19:49
628,1,user628@example.com,+r^z1@_jW5P$,user628,2025-08-02 05:51:49
629,0,user629@example.com,!@37x3Kc4bP$,user629,2025-05-13 05:05:49
630,0,user630@example.com,)9TRUzJfmY8s,user630,2025-06-28 09:58:49
631,0,user631@example.com,%@3qGu@pFDdR,user631,2025-06-08 21:44:49
632,0,user632@example.com,@Q7OPf(Jm3RB,user632,2025-06-27 05:17:49
633,1,user633@example.com,sQRBIojP%Kv8,user633,2025-02-07 06:57:49
634,1,user634@example.com,&rJ7QqzfJnJ2,user634,2025-04-24 01:19:49
635,0,user635@example.com,))50H!nu@Cse,user635,2025-06-16 11:41:49
636,1,user636@example.com,g662MwI*@o_%,user636,2025-01-19 05:05:49
637,1,user637@example.com,%9Ue4)QH4FEk,user637,2024-12-21 18:32:49
638,0,user638@example.com,(RL7Gydl)W15,user638,2024-10-02 13:37:49
639,0,user639@example.com,&YsRCegUv&66,user639,2025-04-16 16:56:49
640,0,user640@example.com,*5o_66InmwCB,user640,2025-03-07 06:56:49
641,0,user641@example.com,*tUoC)iR7)SP,user641,2025-05-11 16:48:49
642,0,user642@example.com,5lK^Nz@$*LN_,user642,2025-06-18 18:19:49
643,0,user643@example.com,(sZ63HEj^r3b,user643,2025-04-12 15:32:49
644,1,user644@example.com,s#K3HJ4hB_37,user644,2024-12-24 09:40:49
645,1,user645@example.com,SVQD1QImz+4Z,user645,2025-09-09 03:54:49
646,1,user646@example.com,%+Kg72W657K1,user646,2025-01-30 18:14:49
647,0,user647@example.com,wp4eN$cuS*w5,user647,2025-04-21 02:01:49
648,1,user648@example.com,nK13XlhS1%gf,user648,2025-06-09 03:23:49
649,0,user649@example.com,6QlrpFcS*5MW,user649,2025-06-12 13:34:49
650,1,user650@example.com,m7t1FHeK%AfY,user650,2025-07-27 00:26:49
651,0,user651@example.com,%tV7a2Gft4_F,user651,2025-04-22 14:59:49
652,1,user652@example.com,(o2Gv*i79q4V,user652,2024-10-01 21:32:49
653,0,user653@example.com,H4hJSvh0)l5(,user653,2024-11-15 11:00:49
654,1,user654@example.com,h14W2AQji%vt,user654,2024-09-19 20:39:49
655,0,user655@example.com,4wxucKn+^3&B,user655,2025-08-12 03:21:49
656,0,user656@example.com,+yk^Fg0K+3NS,user656,2025-04-17 23:17:49
657,0,user657@example.com,@CxRbe2cx&7D,user657,2025-07-25 19:46:49
658,0,user658@example.com,*o2QZg2B*mv),user658,2025-01-08 15:17:49
659,0,user659@example.com,(*l9XBe2l_6p,user659,2025-05-05 14:36:49
660,0,user660@example.com,cKI14zZvR%9I,user660,2025-03-06 19:02:49
661,0,user661@example.com,O^3Tp3+iaen&,user661,2024-11-19 00:18:49
662,1,user662@example.com,$mFIHw5wXM8m,user662,2024-12-17 05:39:49
663,1,user663@example.com,$Y&VLWprk(8F,user663,2025-03-10 21:57:49
664,0,user664@example.com,X4M$z8Xa6E%O,user664,2025-03-28 21:17:49
665,0,user665@example.com,zP46ZfvE@#J),user665,2025-08-09 10:17:49
666,1,user666@example.com,+C)0OIq_3QcB,user666,2024-12-30 05:40:49
667,1,user667@example.com,b9&HHjk#WU7j,user667,2024-12-08 16:11:49
668,0,user668@example.com,kI29KQrL)U73,user668,2025-07-26 12:33:49
669,1,user669@example.com,f7!#qof22TtC,user669,2025-07-19 10:56:49
670,0,user670@example.com,gY%LQWTs*f9R,user670,2025-08-25 20:06:49
671,0,user671@example.com,%*4U6Ay^LGW+,user671,2025-06-02 12:11:49
672,0,user672@example.com,)ruk7TiD$8Uj,user672,2024-10-18 01:43:49
673,0,user673@example.com,_4RnXwAbd9Ww,user673,2024-09-15 06:06:49
674,0,user674@example.com,BQK2c7j#5*wR,user674,2025-07-22 22:01:49
675,1,user675@example.com,k!riWt+^SQ6R,user675,2025-07-08 05:41:49
676,0,user676@example.com,!2U)zsqpEtZ@,user676,2025-04-19 17:05:49
677,1,user677@example.com,L!0_PQ$zlZz5,user677,2025-07-01 02:35:49
678,0,user678@example.com,E!49O%xz(n3o,user678,2025-05-16 15:30:49
679,0,user679@example.com,(iy3WQkiJSj@,user679,2025-02-18 14:20:49
680,1,user680@example.com,aSAW7Parg$i+,user680,2024-10-19 07:28:49
681,0,user681@example.com,mJ)pJOsd1h3u,user681,2024-11-05 04:10:49
682,0,user682@example.com,t7wor)FF!QTa,user682,2025-08-14 08:51:49
683,0,user683@example.com,Dk3UOLdz_(%W,user683,2025-03-21 21:45:49
684,0,user684@example.com,%gK072Lh9Fe1,user684,2024-11-25 09:20:49
685,0,user685@example.com,)y)3ge+Bhc@R,user685,2024-11-26 18:52:49
686,0,user686@example.com,b2%l2Ywv(eSK,user686,2024-09-26 08:57:49
687,0,user687@example.com,@701dyHeM3CD,user687,2024-10-05 00:12:49
688,0,user688@example.com,*x6vbxB1+$Iz,user688,2024-12-12 15:08:49
689,0,user689@example.com,ClyTCe&Y$t4V,user689,2025-05-30 03:30:49
690,1,user690@example.com,SJKpPgcA^4O8,user690,2025-06-30 06:47:49
691,0,user691@example.com,(iPoTpYB0Rv#,user691,2025-01-20 00:10:49
692,0,user692@example.com,$m!+XdBs+z%2,user692,2025-08-20 18:17:49
693,0,user693@example.com,z7a$xSkY&MJ1,user693,2025-04-25 22:33:49
694,0,user694@example.com,oz0Kxbr2+D5I,user694,2024-12-06 18:33:49
695,1,user695@example.com,$v6Pw1#^(JYE,user695,2025-07-09 04:12:49
696,0,user696@example.com,!+t_F$aeW74z,user696,2025-08-20 11:05:49
697,0,user697@example.com,DOC70Wg*3sS&,user697,2024-10-13 15:05:49
698,1,user698@example.com,437EnpBUBSR^,user698,2024-12-20 12:07:49
699,0,user699@example.com,J9NAGjBa&@Qq,user699,2024-12-10 15:44:49
700,1,user700@example.com,!89barXC6ZYN,user700,2025-07-04 10:14:49
701,0,user701@example.com,$uYRRvxK28Jl,user701,2025-04-15 11:57:49
702,0,user702@example.com,6e42rWV7D(#E,user702,2024-12-04 10:19:49
703,0,user703@example.com,JhQ+iTbY!4iV,user703,2024-09-19 01:58:49
704,0,user704@example.com,mu369P8NS_(2,user704,2025-05-29 02:27:49
705,0,user705@example.com,*z&fjHmeW2iB,user705,2024-12-03 10:33:49
706,0,user706@example.com,$8hdPFf#h4R2,user706,2025-04-04 19:57:49
707,0,user707@example.com,#^h8%Vvgt!+$,user707,2025-06-05 03:38:49
708,0,user708@example.com,Y_a)2zbLa#9D,user708,2024-11-14 08:12:49
709,0,user709@example.com,&SCj5GWG%z6j,user709,2025-06-18 12:52:49
710,0,user710@example.com,^82!s%iP1P2F,user710,2025-01-01 11:54:49
711,0,user711@example.com,)HnNvs@aqU1F,user711,2025-05-22 11:09:49
712,0,user712@example.com,AA7FkSfXZ&nL,user712,2025-06-20 03:08:49
713,0,user713@example.com,4Xd0t%JfCGK_,user713,2025-03-15 05:30:49
714,1,user714@example.com,bAEl2tHz)H%p,user714,2025-02-23 05:50:49
715,0,user715@example.com,nUJe$@oJ$4C7,user715,2025-07-16 03:58:49
716,0,user716@example.com,bP#Dzd)F(h6o,user716,2024-09-27 20:13:49
717,1,user717@example.com,DAsF#Wtt)8fr,user717,2025-03-20 22:50:49
718,1,user718@example.com,SW4OteHX!$N$,user718,2025-05-29 00:33:49
719,0,user719@example.com,#(IL!o4zP19*,user719,2024-12-18 16:25:49
720,0,user720@example.com,2EkcBHxd%f2P,user720,2025-01-09 11:22:49
721,0,user721@example.com,!yWLeVX!474t,user721,2024-10-20 22:04:49
722,0,user722@example.com,!9GZyHqS29Kv,user722,2025-07-19 19:46:49
723,0,user723@example.com,F6bKack2!U$W,user723,2024-11-14 16:41:49
724,0,user724@example.com,^iT6Lmjt+nU5,user724,2024-11-21 15:46:49
725,0,user725@example.com,&qa0ysKy2Jy^,user725,2025-04-19 00:34:49
726,1,user726@example.com,)#09p5Po@oD#,user726,2025-01-20 21:43:49
727,0,user727@example.com,BaJlMe%5*3Xp,user727,2025-03-13 10:50:49
728,0,user728@example.com,A*2P(dk6V@CB,user728,2024-11-29 00:48:49
729,0,user729@example.com,B_3@BkOMmnI1,user729,2025-09-05 20:18:49
730,0,user730@example.com,(zXbHQ1tIg92,user730,2025-02-27 05:53:49
731,1,user731@example.com,n!EQt!&4q27O,user731,2025-04-07 15:45:49
732,0,user732@example.com,^F97O+n*2RCA,user732,2024-11-16 13:07:49
733,0,user733@example.com,enN05H%bB_p4,user733,2025-03-24 09:19:49
734,0,user734@example.com,53nw1lHr!tQV,user734,2025-05-08 09:59:49
735,0,user735@example.com,U+04xe@1VPzP,user735,2025-09-04 20:09:49
736,0,user736@example.com,ck&mCUWsBXp2,user736,2024-12-29 10:14:49
737,0,user737@example.com,E1_0^Uiv*1UW,user737,2025-04-03 02:33:49
738,0,user738@example.com,p*2z0JqegEYi,user738,2024-12-19 03:26:49
739,0,user739@example.com,!XTX77znt2bO,user739,2025-02-22 05:50:49
740,1,user740@example.com,*E+Ne#UN06FT,user740,2024-09-28 08:44:49
741,0,user741@example.com,$tAdDMvcK0uP,user741,2024-09-28 17:39:49
742,0,user742@example.com,5b%MAAiX&Fl_,user742,2025-02-12 08:40:49
743,0,user743@example.com,K%KrDBbf$_#5,user743,2024-11-26 02:03:49
744,0,user744@example.com,o@MHvszXEc5L,user744,2025-02-06 04:47:49
745,0,user745@example.com,R^1zipAttv9J,user745,2024-10-25 01:51:49
746,0,user746@example.com,F4OME1lS!vZj,user746,2025-07-24 14:49:49
747,0,user747@example.com,ciLYxlox&9sO,user747,2025-08-02 10:40:49
748,1,user748@example.com,j!yOVz4$md6l,user748,2024-10-09 10:28:49
749,0,user749@example.com,q%0RbGtr^65$,user749,2024-12-23 06:32:49
750,1,user750@example.com,R8S8(Haw^7f6,user750,2025-04-14 03:59:49
751,0,user751@example.com,#!S1JIId2^b#,user751,2025-06-05 07:01:49
752,1,user752@example.com,I$IP&VJCojk6,user752,2024-11-24 01:06:49
753,0,user753@example.com,4vMlbG)c%hW4,user753,2024-10-20 23:26:49
754,1,user754@example.com,ME5*x0a@$e#A,user754,2025-02-11 19:22:49
755,1,user755@example.com,F+8zEwGAyET0,user755,2024-09-10 21:37:49
756,1,user756@example.com,!P@8YgBQ7s!(,user756,2025-04-07 07:19:49
757,1,user757@example.com,!eu_r(W9s5Ie,user757,2025-09-01 23:11:49
758,1,user758@example.com,C2w+e&$4ZLEm,user758,2024-12-29 02:36:49
759,0,user759@example.com,6pNK)RFe@Sj3,user759,2024-10-13 02:40:49
760,0,user760@example.com,*gNzr1D_N3U2,user760,2024-11-19 13:46:49
761,0,user761@example.com,V$%Ivpd7LF6C,user761,2025-06-27 14:39:49
762,0,user762@example.com,(5AKIaW@tw#!,user762,2025-07-17 20:06:49
763,1,user763@example.com,4(8M2zh948Ha,user763,2024-12-16 04:20:49
764,0,user764@example.com,&dGS^oUrq9ac,user764,2025-02-01 18:31:49
765,1,user765@example.com,!@VLNMpbrC4n,user765,2024-11-17 10:03:49
766,0,user766@example.com,#lcHJsx4vgz7,user766,2025-03-12 12:02:49
767,1,user767@example.com,_5vq4DSn3q(8,user767,2024-10-23 16:18:49
768,0,user768@example.com,8h9!(dzz$0dA,user768,2024-11-15 17:50:49
769,1,user769@example.com,idE8Kr1D&&BE,user769,2024-10-25 08:11:49
770,1,user770@example.com,Ju2OY&Uc_&ZF,user770,2025-02-19 01:24:49
771,0,user771@example.com,5%1(h(RLt2&K,user771,2025-01-27 18:33:49
772,0,user772@example.com,e5YzJnY1*XSR,user772,2025-05-18 19:02:49
773,0,user773@example.com,rz(3UZApjf#T,user773,2025-06-13 10:12:49
774,0,user774@example.com,#WPXNW9mW6qO,user774,2025-01-19 10:46:49
775,0,user775@example.com,x&*NZxy)Nk#4,user775,2024-12-30 17:57:49
776,0,user776@example.com,iP#3CvFu^jMR,user776,2024-09-28 21:35:49
777,0,user777@example.com,tPDLixvb!0qe,user777,2025-04-04 07:16:49
778,0,user778@example.com,q^pXOd2xPA71,user778,2025-08-29 13:07:49
779,1,user779@example.com,(0DuJh4FDraA,user779,2025-03-10 08:01:49
780,1,user780@example.com,(j#jISc6_3v6,user780,2025-04-14 07:37:49
781,0,user781@example.com,oTusC6NjME&G,user781,2025-03-22 02:17:49
782,0,user782@example.com,+7gktZ8jFP7I,user782,2025-02-15 00:08:49
783,0,user783@example.com,i6O(R_HG*GHH,user783,2025-02-05 08:37:49
784,0,user784@example.com,9d1EKKQa)xXJ,user784,2025-06-04 05:54:49
785,0,user785@example.com,mdrLgrOm(0WS,user785,2025-01-29 18:55:49
786,0,user786@example.com,6&Rf1JrbCuOi,user786,2025-03-19 15:57:49
787,0,user787@example.com,#p$WAO*d8CD(,user787,2025-07-24 13:55:49
788,0,user788@example.com,48xSEUj0&n%K,user788,2025-07-06 02:44:49
789,0,user789@example.com,N2p9Fkma5j+z,user789,2025-05-10 14:49:49
790,0,user790@example.com,0f9YEgZG%m8q,user790,2025-02-14 07:32:49
791,0,user791@example.com,j$7SBOawtWd@,user791,2025-05-26 10:42:49
792,0,user792@example.com,7*Y%Gnea5$h7,user792,2025-05-16 05:29:49
793,1,user793@example.com,xy6G5)9r%!qM,user793,2024-09-13 11:34:49
794,0,user794@example.com,2)6GCWBa(4lb,user794,2024-11-13 08:38:49
795,0,user795@example.com,CE8ZUhZ05)XW,user795,2024-11-02 03:59:49
796,1,user796@example.com,zg(5EaS_gUPx,user796,2025-07-08 22:40:49
797,1,user797@example.com,$KzTDEvZh4vJ,user797,2025-04-23 20:23:49
798,0,user798@example.com,(5Wz@ijuwh&Z,user798,2025-08-25 22:27:49
799,0,user799@example.com,$R#67JUvZmu6,user799,2025-04-03 19:48:49
800,0,user800@example.com,ZL!CG8hB$j4_,user800,2024-09-19 14:23:49
801,0,user801@example.com,f34G6hOyv%K4,user801,2025-03-29 13:30:49
802,0,user802@example.com,xEXa5A3jhk(1,user802,2025-08-06 02:14:49
803,0,user803@example.com,+gtf)N4xW#5C,user803,2024-12-27 11:00:49
804,1,user804@example.com,4@ze3EvplY9s,user804,2025-04-03 17:58:49
805,0,user805@example.com,!fM7xD2d@*^*,user805,2025-02-17 10:50:49
806,0,user806@example.com,h(5BRnxE!W(K,user806,2025-01-14 23:16:49
807,0,user807@example.com,Na62S7p4k^K0,user807,2025-07-04 12:01:49
808,1,user808@example.com,^H8c1WqelKYD,user808,2024-09-26 22:28:49
809,0,user809@example.com,j^1K8FKd14@H,user809,2025-02-10 19:30:49
810,0,user810@example.com,4%+af3NqDO!!,user810,2025-01-16 12:18:49
811,0,user811@example.com,i$rh6zPtJf23,user811,2024-10-23 17:01:49
812,0,user812@example.com,)c%aj1XG%9KG,user812,2025-04-24 00:26:49
813,0,user813@example.com,68TCaKu4^adn,user813,2024-09-28 18:47:49
814,1,user814@example.com,*_IJ)#geZD7$,user814,2025-06-19 07:00:49
815,0,user815@example.com,LEZw7YMl7+A&,user815,2025-06-22 07:25:49
816,1,user816@example.com,d15RIQf0$O@K,user816,2025-04-02 23:32:49
817,0,user817@example.com,Y5p7EBtB^WZI,user817,2024-11-24 12:36:49
818,0,user818@example.com,3*F2jbrU+oFS,user818,2024-12-17 11:13:49
819,0,user819@example.com,Lt!v3^Adb&+z,user819,2024-09-24 01:50:49
820,0,user820@example.com,^73psvOqf@XY,user820,2025-07-13 23:54:49
821,0,user821@example.com,PLpCLemg1_z0,user821,2024-11-14 00:28:49
822,1,user822@example.com,q9xppgfm$uAB,user822,2025-05-06 23:05:49
823,1,user823@example.com,%+)lJK#s82N7,user823,2025-03-30 13:23:49
824,0,user824@example.com,HsgfkJKb#0d2,user824,2025-07-27 06:28:49
825,0,user825@example.com,rPe5LgOi+d3T,user825,2024-10-29 12:55:49
826,0,user826@example.com,alSl*8QvnUPo,user826,2025-03-15 06:44:49
827,0,user827@example.com,8IaTRp@a!QKg,user827,2024-09-20 03:25:49
828,0,user828@example.com,Z#KwTlbEW046,user828,2024-10-22 23:44:49
829,0,user829@example.com,(EU5AOYTyD3u,user829,2024-09-27 21:59:49
830,0,user830@example.com,0kq5Wmeu_HAm,user830,2024-12-21 15:41:49
831,0,user831@example.com,9b3OO!w8L%(9,user831,2025-08-17 21:20:49
832,0,user832@example.com,@)mPrDx7&(*2,user832,2025-04-29 14:38:49
833,1,user833@example.com,&l3khfd&t0TT,user833,2024-10-18 12:38:49
834,0,user834@example.com,e47ONAng!32y,user834,2025-08-10 14:50:49
835,0,user835@example.com,l6XnxqZ&^NO&,user835,2025-07-24 13:32:49
836,0,user836@example.com,aic0BwsD$s$l,user836,2025-07-01 22:27:49
837,0,user837@example.com,55A&G8l5+bIp,user837,2025-01-05 12:27:49
838,0,user838@example.com,y%N9fM0B$k2R,user838,2024-12-19 21:44:49
839,1,user839@example.com,A*YYUa4yC^P6,user839,2024-10-16 08:28:49
840,0,user840@example.com,bH0CnwT!u8i#,user840,2024-09-12 15:35:49
841,0,user841@example.com,c7VLVD5v#Ax1,user841,2025-03-22 23:20:49
842,1,user842@example.com,4bE18WQul@kL,user842,2025-02-04 14:29:49
843,0,user843@example.com,ZO%3gIeI%J(b,user843,2024-11-07 05:19:49
844,0,user844@example.com,Ij_J4ZhSBh#B,user844,2025-05-27 16:28:49
845,0,user845@example.com,w1xgm!Pw(9+F,user845,2025-03-09 04:59:49
846,1,user846@example.com,xT&#BLbP4S2c,user846,2025-04-19 11:00:49
847,1,user847@example.com,VG1H#h)tP+8N,user847,2025-04-04 06:05:49
848,1,user848@example.com,YU#A0$Yn(T5^,user848,2025-01-25 05:36:49
849,0,user849@example.com,M)g0hInQ*km5,user849,2025-06-15 03:08:49
850,1,user850@example.com,t0Fh3Hs3%Ggm,user850,2025-01-13 05:07:49
851,0,user851@example.com,3p0OM@cv!T!M,user851,2025-03-23 20:36:49
852,0,user852@example.com,J(MzIMa3_9OU,user852,2024-10-14 04:45:49
853,0,user853@example.com,N6PaiA0B_it&,user853,2024-12-05 10:12:49
854,0,user854@example.com,)xykuvFaRZ28,user854,2025-07-24 23:54:49
855,0,user855@example.com,V3DkfmA6+F%&,user855,2024-10-09 21:56:49
856,0,user856@example.com,8w_+V^raBRSO,user856,2025-07-31 15:25:49
857,1,user857@example.com,q&&%7Ksf7)Sn,user857,2025-02-19 15:54:49
858,0,user858@example.com,$AdVEBbfT08l,user858,2024-10-18 03:18:49
859,0,user859@example.com,@0z(4NUx3QB^,user859,2024-09-25 15:06:49
860,0,user860@example.com,^1$KGe5rNQMD,user860,2025-04-03 20:33:49
861,0,user861@example.com,g_5X0EedY^Q9,user861,2025-06-06 23:20:49
862,0,user862@example.com,+XMJmWoC9G0W,user862,2025-05-15 09:04:49
863,0,user863@example.com,#AOXZEv6*g9k,user863,2025-03-04 11:57:49
864,1,user864@example.com,o(SeUHubv+I4,user864,2025-07-17 01:21:49
865,0,user865@example.com,2IbcnvACJ!8N,user865,2024-09-13 07:15:49
866,1,user866@example.com,(!VVy653aP4P,user866,2025-05-22 04:45:49
867,0,user867@example.com,qnOXx2tXS3O_,user867,2025-06-21 10:34:49
868,0,user868@example.com,Ns8g4Go2!1@M,user868,2025-07-30 15:28:49
869,0,user869@example.com,5I7oTpzb^LCg,user869,2025-07-01 05:32:49
870,0,user870@example.com,*11xMFp68hDN,user870,2025-07-26 18:18:49
871,0,user871@example.com,!69t4Or4xbJr,user871,2025-06-04 13:26:49
872,0,user872@example.com,_8L9Zzif_5bF,user872,2025-08-24 00:18:49
873,0,user873@example.com,eMiU+9Hx21%t,user873,2024-12-22 07:03:49
874,0,user874@example.com,F*6nQLzyI_&4,user874,2024-10-06 18:40:49
875,0,user875@example.com,@Y9_k2BfbSRw,user875,2025-03-20 17:44:49
876,1,user876@example.com,e5gP&Ip9I!5S,user876,2025-06-10 21:02:49
877,0,user877@example.com,V3y_xgWWTWFh,user877,2025-09-07 05:21:49
878,0,user878@example.com,Aoi+xg)T@w6N,user878,2025-03-15 02:00:49
879,0,user879@example.com,#9&DWvSZY#9x,user879,2024-12-06 09:39:49
880,0,user880@example.com,^@0#RmUz)*Y#,user880,2024-12-09 23:17:49
881,1,user881@example.com,n0TKpKIU)O&u,user881,2025-02-16 00:33:49
882,1,user882@example.com,I24I$%f@_2ER,user882,2025-08-09 20:29:49
883,0,user883@example.com,_+4DZSlB40$i,user883,2024-10-07 10:36:49
884,0,user884@example.com,Si!2Rd(l@5ZD,user884,2025-03-05 04:30:49
885,0,user885@example.com,(lAbtAhw2u^Z,user885,2025-04-09 09:39:49
886,0,user886@example.com,v00yIyu(z^0O,user886,2025-08-26 13:58:49
887,0,user887@example.com,0F91tMcI)7Bw,user887,2025-01-22 22:07:49
888,1,user888@example.com,^y@AFgkTV6Rh,user888,2024-11-17 08:37:49
889,0,user889@example.com,v9jRpmNt(Y!J,user889,2025-02-08 08:39:49
890,0,user890@example.com,N&H^o!PoU!4h,user890,2025-01-27 07:56:49
891,1,user891@example.com,HwCs@M+k9+2J,user891,2025-06-09 13:37:49
892,0,user892@example.com,hqOfu3@v@1Vp,user892,2025-05-19 11:31:49
893,1,user893@example.com,x^7qFNc3dz57,user893,2024-12-11 22:56:49
894,0,user894@example.com,_1RfJuqx+J$g,user894,2025-05-16 02:43:49
895,0,user895@example.com,f^4KimEB)_7Z,user895,2024-11-19 22:05:49
896,0,user896@example.com,I!kcl4Lmse!B,user896,2024-11-12 02:07:49
897,0,user897@example.com,@qEni3nkZ7Lo,user897,2024-09-27 17:21:49
898,0,user898@example.com,@b&mBG4&g2FY,user898,2024-12-26 02:40:49
899,0,user899@example.com,J_4K7&Sv$%Rx,user899,2025-07-12 23:26:49
900,0,user900@example.com,5_j5Q3FmkUct,user900,2025-01-16 22:47:49
901,0,user901@example.com,RT4DME+x%rmq,user901,2025-06-03 01:42:49
902,0,user902@example.com,_G4jDg8pEV3J,user902,2025-07-01 08:23:49
903,0,user903@example.com,^O6SgHnCFOOk,user903,2025-02-14 13:09:49
904,0,user904@example.com,B1uECj@u)gBA,user904,2025-09-01 21:34:49
905,0,user905@example.com,G_B58IVeako+,user905,2025-01-17 11:05:49
906,0,user906@example.com,f8n+K)1CrhPt,user906,2025-02-03 17:33:49
907,0,user907@example.com,87^lhb$6@rVS,user907,2025-05-29 02:05:49
908,0,user908@example.com,L55AC*pw$lX4,user908,2025-03-12 14:49:49
909,0,user909@example.com,r9qMAOFy@z4P,user909,2025-03-18 20:29:49
910,1,user910@example.com,6mAGjIq(^7kP,user910,2025-05-02 16:57:49
911,0,user911@example.com,9w00oQ*$+fEQ,user911,2024-12-15 08:26:49
912,0,user912@example.com,^EnDlRa$&6SI,user912,2024-11-04 09:06:49
913,0,user913@example.com,&0UfZZdlF4P5,user913,2025-03-26 01:05:49
914,1,user914@example.com,%8DgZayI74#O,user914,2024-09-29 12:56:49
915,0,user915@example.com,%B6ZmNacl1@b,user915,2024-09-19 06:11:49
916,0,user916@example.com,p7Vn6bEh!U&1,user916,2024-11-16 06:05:49
917,0,user917@example.com,LUd&x#La$Z2N,user917,2025-01-03 17:08:49
918,0,user918@example.com,*9@#SLAy2&T9,user918,2025-06-07 15:37:49
919,0,user919@example.com,yVf**%Cj2Hn1,user919,2024-09-22 22:48:49
920,0,user920@example.com,5h+z0Gv+qZS2,user920,2024-11-12 11:38:49
921,0,user921@example.com,wr3H#dx4$4Qh,user921,2025-04-25 06:12:49
922,1,user922@example.com,I_V0qGrzFl76,user922,2025-06-24 04:40:49
923,0,user923@example.com,B^3zAIJg((ny,user923,2025-08-24 19:08:49
924,1,user924@example.com,wnI$USRkd)8w,user924,2024-10-13 22:34:49
925,0,user925@example.com,_m334UjHi9f@,user925,2025-01-09 14:28:49
926,0,user926@example.com,$W4V4uj1r1@y,user926,2025-02-20 12:17:49
927,0,user927@example.com,Jq!D6aRmGcg6,user927,2024-12-19 17:49:49
928,0,user928@example.com,*1WGDFd0IFRf,user928,2025-05-22 10:15:49
929,1,user929@example.com,U#7_67UuQpDm,user929,2024-10-25 18:59:49
930,1,user930@example.com,p_I1I08w)n(2,user930,2025-03-08 20:43:49
931,0,user931@example.com,tA1nf8rxJ+O6,user931,2025-01-13 07:13:49
932,0,user932@example.com,G!OUdjJS%r1u,user932,2025-09-06 09:35:49
933,0,user933@example.com,&xAphH)wu47l,user933,2025-05-16 19:57:49
934,0,user934@example.com,L&tHVgHg_z8I,user934,2024-11-02 18:32:49
935,1,user935@example.com,&97uJ*Hfb!FO,user935,2024-10-01 15:55:49
936,0,user936@example.com,L^N4$Uo8E8Fc,user936,2025-08-08 03:56:49
937,0,user937@example.com,H)PrKxv4d14u,user937,2024-11-20 03:35:49
938,0,user938@example.com,r$N8qO&l!D^1,user938,2024-09-17 18:14:49
939,0,user939@example.com,D)ZUkBdy)j86,user939,2025-07-23 13:23:49
940,0,user940@example.com,cTK$AaDG+6DT,user940,2024-11-21 00:06:49
941,0,user941@example.com,qh#3GYevn98P,user941,2025-04-18 12:17:49
942,0,user942@example.com,2&MX9Nt+7miI,user942,2025-06-28 23:08:49
943,0,user943@example.com,Ir9CGgs_@1M5,user943,2025-03-18 20:49:49
944,0,user944@example.com,12tuQ6@d#g9l,user944,2024-10-19 12:50:49
945,0,user945@example.com,@+2TrD_ak38&,user945,2025-02-14 10:09:49
946,0,user946@example.com,n)OFLIux9D4A,user946,2024-10-01 09:16:49
947,0,user947@example.com,34^J8GX2RSTe,user947,2025-01-06 03:49:49
948,0,user948@example.com,3$7#Qa6c#6UI,user948,2025-05-12 09:03:49
949,1,user949@example.com,ikpai8vV$7BY,user949,2025-09-05 22:43:49
950,0,user950@example.com,8%GmDlRNHA3u,user950,2025-02-19 01:23:49
951,0,user951@example.com,^A!G3jCvd1VV,user951,2025-06-15 02:08:49
952,1,user952@example.com,+y5FLmiRM+j3,user952,2025-04-05 11:26:49
953,0,user953@example.com,R+A30dJzoRzG,user953,2024-10-07 10:08:49
954,0,user954@example.com,$kv7kvsw@IDU,user954,2024-11-15 17:35:49
955,1,user955@example.com,Ec&@hNRpeT^1,user955,2024-11-16 08:43:49
956,0,user956@example.com,eT(@BfOw2Cr1,user956,2024-09-21 06:26:49
957,0,user957@example.com,Ee29w1Tp_gsS,user957,2025-08-06 04:52:49
958,0,user958@example.com,G7C1QXfo#WvQ,user958,2025-04-21 11:38:49
959,1,user959@example.com,(L$FI7#oRCk6,user959,2025-06-16 23:55:49
960,0,user960@example.com,lMqI1MAo)I9O,user960,2025-08-30 14:09:49
961,0,user961@example.com,)wZau5AbC7Vu,user961,2025-05-30 00:54:49
962,0,user962@example.com,8QC0%rwaa(ta,user962,2024-10-13 17:00:49
963,0,user963@example.com,9sd(Wgl*+H+H,user963,2025-08-11 15:34:49
964,1,user964@example.com,_7R3s^vogzMN,user964,2025-08-03 01:51:49
965,0,user965@example.com,Sn1AZrHf_$7Q,user965,2025-09-07 13:55:49
966,0,user966@example.com,(0LMfIPzH^b),user966,2025-09-01 23:52:49
967,0,user967@example.com,$1ucRe9p8xm(,user967,2025-05-24 09:52:49
968,0,user968@example.com,9(CIWneJrV9Q,user968,2025-08-26 23:41:49
969,0,user969@example.com,_KVeIhY&RH8Y,user969,2024-09-27 10:01:49
970,1,user970@example.com,(n&EzC+bK1dd,user970,2025-02-09 19:07:49
971,0,user971@example.com,m25BiJq_I@6Z,user971,2025-03-22 04:34:49
972,0,user972@example.com,6PHBx2Zz^Gg_,user972,2025-01-15 20:11:49
973,0,user973@example.com,tVKc)7NgteRo,user973,2024-11-24 23:52:49
974,1,user974@example.com,(8WzcuF^DNWt,user974,2024-10-29 21:26:49
975,0,user975@example.com,Yy8+xzZNW3uF,user975,2025-06-21 18:11:49
976,1,user976@example.com,@gicifRYZ9A&,user976,2025-06-28 03:23:49
977,0,user977@example.com,l@q33ZMvZ(aq,user977,2025-03-10 08:45:49
978,0,user978@example.com,^_O6UREk*&7x,user978,2024-09-26 01:17:49
979,0,user979@example.com,G%%brwJp^6RV,user979,2024-10-08 00:36:49
980,0,user980@example.com,I1E6fpc9^cHy,user980,2024-10-28 11:20:49
981,0,user981@example.com,Uj$0EFmdn*o4,user981,2025-08-23 23:53:49
982,0,user982@example.com,02#)Aa#XRz2d,user982,2024-12-01 21:43:49
983,0,user983@example.com,&*ajstsnn*8N,user983,2025-03-08 03:39:49
984,0,user984@example.com,16frCxyl+Jbz,user984,2025-07-04 12:12:49
985,0,user985@example.com,$hbOlLadz@14,user985,2025-07-19 23:21:49
986,0,user986@example.com,!bCHjvUsr83L,user986,2025-03-08 15:32:49
987,0,user987@example.com,At2&9UFb(b81,user987,2025-07-25 19:33:49
988,1,user988@example.com,G2Yh1hxq$hL6,user988,2025-08-10 02:40:49
989,0,user989@example.com,_)J)jfk+z696,user989,2025-06-08 11:34:49
990,0,user990@example.com,z9)vUeih+0FN,user990,2025-06-25 14:17:49
991,0,user991@example.com,^n&JqVo3(+5I,user991,2025-06-19 04:11:49
992,0,user992@example.com,g8H6F9Ha_UVk,user992,2024-09-11 12:44:49
993,0,user993@example.com,^408KgHw!q%F,user993,2024-12-28 13:32:49
994,0,user994@example.com,%m6Nm0_HK02z,user994,2025-02-22 05:59:49
995,0,user995@example.com,F*7ZqocvAxp&,user995,2025-08-27 16:30:49
996,0,user996@example.com,d^42&&dS^WOA,user996,2025-08-06 23:14:49
997,0,user997@example.com,A0jWyE2$A&3m,user997,2025-03-14 18:58:49
998,0,user998@example.com,8PE9dfuS^4uC,user998,2025-02-12 07:30:49
999,0,user999@example.com,09wC)OMe+QLU,user999,2025-05-18 19:56:49
1000,1,user1000@example.com,cB40Mlzb(#@z,user1000,2024-09-11 06:57:49
