user_id,is_manager,email,password,username,create_time
1,0,user1@example.com,^m&ut3&I52MT,user1,2025-06-15 11:36:12
2,1,user2@example.com,y9p9_(Am)bZM,user2,2024-11-30 20:54:12
3,0,user3@example.com,cJBVGAkp6!Q9,user3,2024-12-15 18:15:12
4,1,user4@example.com,0@vJQ^TnmDD1,user4,2025-01-29 22:02:12
5,1,user5@example.com,dZ1_xGb@M0(B,user5,2025-01-26 22:25:12
6,0,user6@example.com,6HPcJSeycG&&,user6,2025-05-09 03:37:12
7,0,user7@example.com,89RXB)iw*gFq,user7,2025-07-31 05:40:12
8,0,user8@example.com,%3*DBg+*E@6X,user8,2025-05-10 22:42:12
9,0,user9@example.com,(O5NBdhg)dQP,user9,2025-04-05 11:08:12
10,0,user10@example.com,AZ&YQtq40PZ(,user10,2024-11-12 14:42:12
11,0,user11@example.com,zkM5WXlaD*^*,user11,2025-05-31 20:40:12
12,0,user12@example.com,D)n(GePuKZ&0,user12,2025-05-27 13:11:12
13,0,user13@example.com,#2MaXWNv+SFe,user13,2025-07-30 06:14:12
14,0,user14@example.com,n3N95VgJ+2EL,user14,2024-12-20 02:43:12
15,0,user15@example.com,q21Ql0Nf(CQT,user15,2025-03-24 09:40:12
16,0,user16@example.com,*L#ByCyW$8P4,user16,2025-02-27 15:02:12
17,0,user17@example.com,IH(3O3AejvZF,user17,2024-09-08 17:12:12
18,0,user18@example.com,+b4ezMpE&FD1,user18,2024-12-06 08:21:12
19,0,user19@example.com,x(94J&qt1h(o,user19,2025-01-14 14:39:12
20,0,user20@example.com,(8%cJSvpl&p%,user20,2025-07-02 07:51:12
21,1,user21@example.com,(Q6(It2BAi9P,user21,2025-03-09 19:18:12
22,0,user22@example.com,gS2%vamJOn0A,user22,2025-08-11 03:13:12
23,0,user23@example.com,#@6rL%bbPxWd,user23,2024-11-11 13:56:12
24,0,user24@example.com,0lS6IAE!*NP2,user24,2024-10-31 08:40:12
25,0,user25@example.com,$@@5MRhserG2,user25,2025-07-27 22:00:12
26,0,user26@example.com,s2g)_QPnlnBw,user26,2024-09-25 22:14:12
27,0,user27@example.com,E0nTYYcO!lEu,user27,2025-03-26 03:41:12
28,0,user28@example.com,^+fIgyOGNz7X,user28,2025-01-15 14:32:12
29,0,user29@example.com,g5UI%7bu#9QM,user29,2024-09-23 13:16:12
30,0,user30@example.com,9^1zzatu^%P7,user30,2025-03-03 18:38:12
31,1,user31@example.com,(4qH+DwIfIF(,user31,2025-08-01 17:28:12
32,0,user32@example.com,6%$0Xujp8$aY,user32,2025-04-27 11:52:12
33,0,user33@example.com,Fw(mGtvyf$5L,user33,2024-12-20 22:07:12
34,0,user34@example.com,MDA8yEaf!H0+,user34,2024-11-23 15:21:12
35,1,user35@example.com,*&D&6ErrhIIQ,user35,2025-01-23 07:00:12
36,0,user36@example.com,*P4p38lHKwoS,user36,2025-03-01 02:21:12
37,0,user37@example.com,^*uRMLja+x9P,user37,2025-05-05 20:12:12
38,1,user38@example.com,)U#0AYzKi(Av,user38,2025-05-05 03:03:12
39,1,user39@example.com,z!BoRQj#Ia02,user39,2024-11-03 19:01:12
40,0,user40@example.com,O$f6L!9h%O2i,user40,2025-06-18 10:43:12
41,0,user41@example.com,s)t%WT%fWIe7,user41,2024-11-15 14:09:12
42,0,user42@example.com,12hKbGgC@!8E,user42,2024-12-11 04:36:12
43,0,user43@example.com,^42SLBZnY6YH,user43,2025-08-04 09:20:12
44,0,user44@example.com,!4Exw$hduAGW,user44,2024-09-17 06:52:12
45,0,user45@example.com,wW6JO71og@jW,user45,2025-02-11 20:47:12
46,0,user46@example.com,+I3(S+Jy^Y3M,user46,2025-07-31 18:13:12
47,0,user47@example.com,r56Otj987#7K,user47,2025-01-18 19:10:12
48,0,user48@example.com,$5QCmM#!r5LF,user48,2025-08-05 21:17:12
49,0,user49@example.com,$F9Sgjv*WX4F,user49,2024-11-30 20:54:12
50,0,user50@example.com,t9uIFX^#!NXk,user50,2025-07-26 17:38:12
51,0,user51@example.com,2zb_$hwI@ilM,user51,2024-10-11 15:55:12
52,0,user52@example.com,mI2MNdSZ&&YF,user52,2025-01-01 21:10:12
53,0,user53@example.com,(OFx2)vyN8#c,user53,2025-01-05 08:47:12
54,0,user54@example.com,9n14HtG)$fM$,user54,2025-06-19 20:30:12
55,0,user55@example.com,SY6TVJaoK@XO,user55,2025-04-18 08:24:12
56,0,user56@example.com,)JDKP$c&*j6%,user56,2024-12-11 00:04:12
57,0,user57@example.com,d(1rTxkcf!nX,user57,2024-12-04 13:08:12
58,0,user58@example.com,P7E7iB#1%vcs,user58,2025-08-18 07:58:12
59,0,user59@example.com,Q!5ORpgrFF_C,user59,2025-07-16 01:23:12
60,0,user60@example.com,)Z0JbB!q+XJP,user60,2025-02-25 18:55:12
61,0,user61@example.com,!E0A4VVbYN)),user61,2024-12-02 06:28:12
62,0,user62@example.com,@jUe!ZTD1Kvg,user62,2024-10-10 16:38:12
63,0,user63@example.com,+6*Xh2IQ!ZFX,user63,2025-05-24 16:25:12
64,0,user64@example.com,!ohMrL4*5#7W,user64,2025-05-07 17:44:12
65,0,user65@example.com,tx96sVz0s(3+,user65,2025-08-17 23:27:12
66,0,user66@example.com,$wUMR!@w56kG,user66,2025-04-21 17:33:12
67,0,user67@example.com,u1_#$dYd!%Dt,user67,2025-03-08 09:26:12
68,0,user68@example.com,&#wt1HgYN)kZ,user68,2025-03-06 13:12:12
69,0,user69@example.com,^FBxPpX#4bjJ,user69,2025-05-07 09:05:12
70,0,user70@example.com,0!Sij!OO$1OD,user70,2024-12-27 04:20:12
71,0,user71@example.com,%3Z^kdhYEHWr,user71,2025-08-31 08:19:12
72,0,user72@example.com,JS3yYv)i^WJV,user72,2024-10-06 21:24:12
73,0,user73@example.com,Kj5FMo52Aeo(,user73,2025-02-14 01:29:12
74,1,user74@example.com,5)7Lf0a2+_8A,user74,2025-06-01 10:27:12
75,0,user75@example.com,M!pK4ym@7@4G,user75,2025-07-18 00:52:12
76,0,user76@example.com,aq&V41xK7d3V,user76,2025-07-19 01:07:12
77,1,user77@example.com,@pPoqsC!6t*%,user77,2025-06-28 00:08:12
78,0,user78@example.com,S^PZnSIw3oH1,user78,2025-01-05 04:08:12
79,0,user79@example.com,G%_0YbIiAHwx,user79,2024-10-30 08:35:12
80,0,user80@example.com,YM#1xZZzmM9S,user80,2025-06-13 06:42:12
81,1,user81@example.com,%c6lVEiBNY&s,user81,2025-08-24 00:36:12
82,1,user82@example.com,vR@9aK^zXUp1,user82,2025-06-21 10:22:12
83,1,user83@example.com,r8jbFkt2&RgK,user83,2025-05-16 00:01:12
84,0,user84@example.com,TNtd$2Pp+BdO,user84,2024-12-18 16:29:12
85,0,user85@example.com,EZ1$gFu&Ni&3,user85,2025-04-21 06:51:12
86,0,user86@example.com,jTtKDp$9@O5y,user86,2025-07-31 00:55:12
87,0,user87@example.com,BAVKk#fgS*1!,user87,2024-09-26 05:25:12
88,0,user88@example.com,!8bcq&tYY0Rq,user88,2025-01-28 08:09:12
89,0,user89@example.com,T7AJBJZj%^#2,user89,2024-12-06 08:16:12
90,0,user90@example.com,V0@miS&MsYV!,user90,2025-05-30 05:17:12
91,0,user91@example.com,*Lhuxhd_i90I,user91,2025-06-16 19:08:12
92,0,user92@example.com,r!BGBWwaXB0f,user92,2025-07-01 07:14:12
93,0,user93@example.com,^GUvkT9%y2nz,user93,2024-12-09 07:42:12
94,0,user94@example.com,)6SFn5LcB4+u,user94,2025-07-08 07:14:12
95,0,user95@example.com,SjO#RNZzfyA4,user95,2025-04-12 22:28:12
96,1,user96@example.com,k9Yaj5UsrQN%,user96,2025-01-12 07:16:12
97,0,user97@example.com,sjp6SOqF%5B#,user97,2025-07-30 09:57:12
98,0,user98@example.com,@0GjJwsmx6#2,user98,2024-12-16 04:45:12
99,1,user99@example.com,qLRt%Wl(!70Z,user99,2025-04-12 09:45:12
100,0,user100@example.com,*2L6Essh$keZ,user100,2024-12-30 08:02:12
101,0,user101@example.com,^VK0MFGvGKlG,user101,2025-04-21 06:20:12
102,0,user102@example.com,v!r_LHucYL2m,user102,2025-01-14 19:51:12
103,1,user103@example.com,%#5_qHIx8oC0,user103,2025-01-17 14:13:12
104,0,user104@example.com,(309z2Ezzu*U,user104,2025-01-24 22:04:12
105,0,user105@example.com,PPOzv9E$#810,user105,2025-06-30 19:32:12
106,0,user106@example.com,$gi0_cY29!dC,user106,2025-02-25 20:01:12
107,0,user107@example.com,&4i)bUTp^dUp,user107,2025-01-04 16:30:12
108,0,user108@example.com,5qWhGh%q@OPR,user108,2025-02-09 09:07:12
109,0,user109@example.com,0@Tw@TgfnZM3,user109,2025-05-09 18:32:12
110,0,user110@example.com,#Vi((rd44b0I,user110,2024-12-11 11:56:12
111,0,user111@example.com,9xTEHqeo&yBH,user111,2025-03-02 14:12:12
112,0,user112@example.com,_!(1n2b4J5HL,user112,2025-08-22 13:42:12
113,0,user113@example.com,S9X6IKwu_Z(V,user113,2024-09-05 23:53:12
114,0,user114@example.com,))9E9o&S)XU8,user114,2024-10-16 14:45:12
115,0,user115@example.com,Nm#*8Jxtu0wB,user115,2025-07-05 16:21:12
116,1,user116@example.com,+%%K%Yag(40g,user116,2025-04-18 16:15:12
117,0,user117@example.com,^2mQghVNget),user117,2025-05-31 15:29:12
118,1,user118@example.com,xUIjqWmL)1PG,user118,2025-01-27 02:25:12
119,0,user119@example.com,^OK0AZxV&uBo,user119,2025-02-05 19:43:12
120,0,user120@example.com,!0RBXKnsJMIc,user120,2024-11-12 08:33:12
121,0,user121@example.com,F(3UDnOKYzDR,user121,2025-04-11 22:26:12
122,0,user122@example.com,sumzrD+9P(21,user122,2025-01-26 22:00:12
123,0,user123@example.com,!!nStH*@)0WT,user123,2024-10-11 21:26:12
124,0,user124@example.com,_Q6#^dOMJ$aT,user124,2024-10-24 17:13:12
125,0,user125@example.com,$YIf%2Y@45i$,user125,2025-06-30 10:17:12
126,0,user126@example.com,)mA2xOwaGf4K,user126,2024-11-21 10:18:12
127,0,user127@example.com,G!r2ECFl@xJt,user127,2024-10-17 20:15:12
128,0,user128@example.com,#b5Hen7n)Kn%,user128,2025-05-01 21:07:12
129,0,user129@example.com,3wUsL)e7&6F6,user129,2025-05-31 17:18:12
130,0,user130@example.com,p8i#Cr@e@j51,user130,2025-03-28 07:29:12
131,0,user131@example.com,&9mHEWjYYp$1,user131,2025-01-15 07:34:12
132,1,user132@example.com,!Y1(tgm#7+2H,user132,2025-03-08 00:01:12
133,1,user133@example.com,%f6hcD!nj2$S,user133,2025-08-22 00:45:12
134,0,user134@example.com,BjDtIBzz_RD1,user134,2025-05-26 07:47:12
135,0,user135@example.com,c3bQbO2w+T70,user135,2025-01-15 20:35:12
136,0,user136@example.com,D&0_lNNe!$)F,user136,2025-01-22 02:46:12
137,0,user137@example.com,)3iKuWMin(9E,user137,2025-02-11 07:58:12
138,0,user138@example.com,++U9O$MdNh4g,user138,2025-05-06 14:05:12
139,0,user139@example.com,S!&ZGza66_7j,user139,2024-09-04 00:37:12
140,1,user140@example.com,f(XGZE5_uz2D,user140,2025-03-07 22:24:12
141,1,user141@example.com,Jgz0YG4pZHy&,user141,2025-07-26 03:30:12
142,0,user142@example.com,!_^%er%zw0TG,user142,2025-01-23 19:14:12
143,1,user143@example.com,&BMxGqpxX^9c,user143,2025-02-17 07:35:12
144,0,user144@example.com,_qRVougd^7Tv,user144,2024-10-29 16:33:12
145,0,user145@example.com,4d3h4na1*64I,user145,2025-01-08 19:07:12
146,0,user146@example.com,^ISKpSsi+z8*,user146,2025-08-30 15:54:12
147,0,user147@example.com,&9XP$$dwMy_$,user147,2024-11-24 14:02:12
148,1,user148@example.com,oxg!6LPQ^2mE,user148,2025-03-26 17:55:12
149,1,user149@example.com,2L3VI@ll1!9c,user149,2025-03-13 12:12:12
150,0,user150@example.com,@zO(#nOaZWo4,user150,2024-12-17 04:05:12
151,0,user151@example.com,C4s8$CElU)E!,user151,2025-08-29 22:01:12
152,0,user152@example.com,$3bO8PtU!wz#,user152,2025-06-19 11:40:12
153,1,user153@example.com,E8kqvUdi_PZ9,user153,2025-08-20 14:58:12
154,0,user154@example.com,rk5sVz+3r!HH,user154,2025-07-19 05:44:12
155,0,user155@example.com,6#ax^2XjAEM4,user155,2025-06-13 02:20:12
156,0,user156@example.com,^iI5@$Ls82*5,user156,2024-10-30 11:29:12
157,0,user157@example.com,@19qZKxChaHc,user157,2024-12-21 19:59:12
158,0,user158@example.com,!1U7MtuTz%Xf,user158,2024-10-06 20:15:12
159,0,user159@example.com,#&mJRVTqWC3E,user159,2024-12-12 03:50:12
160,0,user160@example.com,%8W86T*lyoYH,user160,2024-12-16 19:19:12
161,0,user161@example.com,3j70gRqqjR@e,user161,2024-12-16 05:24:12
162,0,user162@example.com,&@aGktbD4F7F,user162,2025-08-23 02:40:12
163,0,user163@example.com,5!4JWnOykNvi,user163,2024-09-01 02:33:12
164,0,user164@example.com,!X73fjog$jHK,user164,2025-07-20 00:15:12
165,1,user165@example.com,@+ge0c&Dt2Ay,user165,2025-02-28 20:53:12
166,0,user166@example.com,P5Be@zBr0O+J,user166,2024-11-19 22:37:12
167,1,user167@example.com,#owQxpd48e@7,user167,2024-12-02 03:02:12
168,0,user168@example.com,($58CIah7JIG,user168,2025-08-30 09:26:12
169,1,user169@example.com,dgznbQXi$I9c,user169,2024-12-17 07:12:12
170,0,user170@example.com,hpPVzAYhG*9Q,user170,2025-07-29 00:30:12
171,0,user171@example.com,ui8VphVU_%iE,user171,2025-07-24 16:02:12
172,0,user172@example.com,M2nsqvGn$)E6,user172,2025-05-18 16:30:12
173,0,user173@example.com,&HzOLvli(4FQ,user173,2025-01-08 08:23:12
174,0,user174@example.com,T^6IASa67KQO,user174,2024-12-29 02:59:12
175,0,user175@example.com,ufFYhlJW79o%,user175,2024-10-20 03:36:12
176,1,user176@example.com,^@3IvZKcTvdK,user176,2024-10-28 19:56:12
177,0,user177@example.com,*2gQ$cSyi(4^,user177,2024-09-11 14:38:12
178,0,user178@example.com,)CBSvo_I7YB2,user178,2025-08-25 09:14:12
179,0,user179@example.com,(bCkrcA64KRA,user179,2024-09-21 20:33:12
180,0,user180@example.com,_VF5OvT$BRIT,user180,2024-12-24 14:32:12
181,0,user181@example.com,*yGIf33wp4_r,user181,2025-01-06 09:48:12
182,0,user182@example.com,+8fXlRzjeQM2,user182,2024-11-23 17:58:12
183,0,user183@example.com,c+%4Wo95_BT+,user183,2025-01-01 23:59:12
184,0,user184@example.com,C39bd2+1#HME,user184,2024-12-15 10:00:12
185,0,user185@example.com,%OuLapWS&78s,user185,2025-05-16 21:40:12
186,1,user186@example.com,D9a$CL6a)kAD,user186,2024-12-06 15:54:12
187,1,user187@example.com,W(1P*f)UEFZ0,user187,2024-10-12 08:00:12
188,0,user188@example.com,7*57JSe6!$6w,user188,2024-09-05 13:03:12
189,0,user189@example.com,#r@vOkXcr3+7,user189,2024-12-26 12:16:12
190,1,user190@example.com,&U@WSd%6Wy$4,user190,2024-12-23 02:49:12
191,0,user191@example.com,!vIS&fgc+D7@,user191,2025-06-20 10:55:12
192,0,user192@example.com,#Q0^W%qpF@Zx,user192,2025-07-01 14:17:12
193,0,user193@example.com,nishnlVK+7EA,user193,2025-03-11 12:10:12
194,0,user194@example.com,5@T4UYh$bHYj,user194,2025-05-23 02:17:12
195,0,user195@example.com,s_AAW5VtIA_S,user195,2025-04-05 15:54:12
196,1,user196@example.com,&80Jak(c$)18,user196,2025-02-13 06:13:12
197,0,user197@example.com,wPz2PkR!0v&4,user197,2025-01-24 15:23:12
198,1,user198@example.com,8Fusb^yK@EXY,user198,2025-07-10 22:24:12
199,0,user199@example.com,_@7rPFBl+WLw,user199,2024-10-10 20:02:12
200,0,user200@example.com,Pz0VyYSs@S#3,user200,2025-01-20 07:57:12
201,1,user201@example.com,nO$R4Kf%A^ct,user201,2025-02-21 10:21:12
202,1,user202@example.com,rNXuHcIj+2(u,user202,2024-10-12 11:19:12
203,0,user203@example.com,_2RaYI^kfHmp,user203,2024-11-21 07:04:12
204,0,user204@example.com,A8Wyrq*Wnns!,user204,2025-08-06 00:51:12
205,0,user205@example.com,o6OCqexg&uZ3,user205,2025-06-22 03:22:12
206,0,user206@example.com,!HU8okh+bh9V,user206,2025-08-06 07:09:12
207,1,user207@example.com,%2sejwPWsAEU,user207,2025-01-31 13:59:12
208,0,user208@example.com,4LiLDkVW(R1N,user208,2024-10-01 15:52:12
209,0,user209@example.com,k)olR#r#PG%3,user209,2025-03-30 08:42:12
210,0,user210@example.com,4qz&xCynN8LS,user210,2025-07-01 18:36:12
211,1,user211@example.com,^82gdK2e29TG,user211,2025-05-17 07:20:12
212,0,user212@example.com,3!+fYCl0YzA0,user212,2024-11-23 16:49:12
213,0,user213@example.com,DpE7Y&dB!yoR,user213,2025-01-13 11:09:12
214,0,user214@example.com,v28mQja+^4_V,user214,2025-04-29 22:06:12
215,0,user215@example.com,M!rR^0ZrNc36,user215,2025-07-16 14:02:12
216,0,user216@example.com,UuctiUfo0#3O,user216,2024-11-13 17:21:12
217,1,user217@example.com,#dl1!TPtgZ5t,user217,2025-02-01 11:51:12
218,0,user218@example.com,$TYI$vNw$3*_,user218,2025-05-16 12:00:12
219,0,user219@example.com,t!pT8PZml^@S,user219,2025-07-31 09:00:12
220,0,user220@example.com,@8m!)g3J(ySX,user220,2025-02-28 19:34:12
221,0,user221@example.com,9OUy2^$ci4J%,user221,2024-10-13 18:12:12
222,0,user222@example.com,@0)tlBw96)ko,user222,2025-04-26 11:52:12
223,0,user223@example.com,#7YFhul!RDSE,user223,2025-01-22 14:23:12
224,0,user224@example.com,n2YFRx+R(RDb,user224,2025-08-20 20:15:12
225,0,user225@example.com,_3eJGjXX0w9G,user225,2025-01-01 05:46:12
226,1,user226@example.com,X3g_^^Gi+R^U,user226,2025-02-12 07:23:12
227,0,user227@example.com,_8sWHdizqpMB,user227,2025-01-14 16:27:12
228,1,user228@example.com,8$2sVaka1_5y,user228,2025-06-13 19:44:12
229,0,user229@example.com,%)9HbEf_k6FQ,user229,2025-07-07 00:33:12
230,0,user230@example.com,20GFZMqu&n5H,user230,2025-01-09 21:42:12
231,0,user231@example.com,Nut*%27d51%M,user231,2025-08-31 20:03:12
232,0,user232@example.com,v)50pD&buM6^,user232,2025-08-12 03:32:12
233,0,user233@example.com,E(yV1!az@$4R,user233,2025-06-27 04:01:12
234,0,user234@example.com,#v5pEs1mWs&4,user234,2025-01-20 01:29:12
235,1,user235@example.com,VvH4Xw5kP$Oz,user235,2025-07-26 14:44:12
236,0,user236@example.com,BI4b@Fyn*W7H,user236,2025-05-25 12:01:12
237,0,user237@example.com,8ItRdBh0J%3k,user237,2024-10-29 00:17:12
238,0,user238@example.com,*Kmxs^h0#4Wn,user238,2025-01-08 15:57:12
239,0,user239@example.com,aVl7xHps@1d6,user239,2025-04-29 08:44:12
240,0,user240@example.com,%13WuKxi%rMB,user240,2025-04-27 23:51:12
241,0,user241@example.com,5&Ebi)Ex7#6I,user241,2025-03-27 23:16:12
242,1,user242@example.com,SDismdcj)(K7,user242,2024-09-20 03:51:12
243,1,user243@example.com,)3L%Lbi$sWIy,user243,2025-05-07 02:50:12
244,0,user244@example.com,0sk50F&hM^D$,user244,2025-05-07 09:15:12
245,0,user245@example.com,7%!yIqfP_Wz1,user245,2025-01-28 12:34:12
246,0,user246@example.com,+lHj2elk50bT,user246,2025-08-28 14:30:12
247,0,user247@example.com,571Uo#f49Z$X,user247,2025-07-28 17:46:12
248,0,user248@example.com,%jnFwbAB2%X&,user248,2025-03-25 18:03:12
249,0,user249@example.com,M#(PUEfhj*2G,user249,2025-04-18 15:11:12
250,0,user250@example.com,(kOeRjfB3i&u,user250,2024-12-21 05:06:12
251,0,user251@example.com,a9aDQjde*#tB,user251,2024-12-26 10:19:12
252,0,user252@example.com,00#8D)Tn(7gr,user252,2024-10-31 19:18:12
253,0,user253@example.com,H24htoqPl)PY,user253,2025-05-14 23:39:12
254,1,user254@example.com,oca2XxDk6^#z,user254,2025-08-05 02:14:12
255,1,user255@example.com,(46Ijrh6^lMf,user255,2025-01-13 01:21:12
256,0,user256@example.com,^RCmDooj6vNc,user256,2025-07-05 21:18:12
257,1,user257@example.com,^q376*Cok4^Z,user257,2025-05-26 18:36:12
258,0,user258@example.com,N6ZrUBJz_EtW,user258,2025-01-04 22:58:12
259,0,user259@example.com,EEwdGg#V!fJ3,user259,2025-02-19 12:56:12
260,0,user260@example.com,3%Zvg+Zx@CzQ,user260,2025-07-08 00:12:12
261,0,user261@example.com,zTk2tSim_u3T,user261,2025-03-05 10:21:12
262,1,user262@example.com,+KG#cW548%je,user262,2025-05-17 11:55:12
263,0,user263@example.com,%3qyf(MfQnJP,user263,2025-03-26 11:12:12
264,1,user264@example.com,M_6Ei62kIXA+,user264,2025-01-01 17:54:12
265,0,user265@example.com,P$NKyKdM2V_9,user265,2025-01-15 17:57:12
266,0,user266@example.com,gCeoZMlS$@6D,user266,2025-01-01 23:37:12
267,0,user267@example.com,bg2_RpuVcD%S,user267,2024-10-15 12:15:12
268,0,user268@example.com,@lK8ZaSkC2(6,user268,2025-01-06 21:26:12
269,0,user269@example.com,&R81L+z@2%l_,user269,2025-04-22 17:30:12
270,1,user270@example.com,@1E_r#OgJYe1,user270,2024-10-25 13:54:12
271,0,user271@example.com,@eY!21DbxEyK,user271,2024-10-20 23:01:12
272,0,user272@example.com,*0skYaKwt0Vr,user272,2024-09-12 13:18:12
273,0,user273@example.com,ptT_0Qe!lk^6,user273,2025-08-30 00:29:12
274,0,user274@example.com,$CNUyxs2z9bM,user274,2024-10-11 22:16:12
275,0,user275@example.com,X+pOIuzu^8iU,user275,2025-07-08 08:32:12
276,0,user276@example.com,j08+sKf6ga*C,user276,2025-02-15 15:19:12
277,0,user277@example.com,_4vzJUlzLpHI,user277,2024-12-22 19:18:12
278,0,user278@example.com,#SgBZF6t#4&p,user278,2025-08-27 00:58:12
279,0,user279@example.com,*v1Xj(1PC0uN,user279,2025-06-15 05:02:12
280,0,user280@example.com,YR4Yctlc)5Mm,user280,2025-03-21 09:54:12
281,0,user281@example.com,H_1MORkSiV+r,user281,2024-10-30 21:45:12
282,1,user282@example.com,GS9k3)9Y*wJE,user282,2025-06-11 16:51:12
283,1,user283@example.com,A^6Tg!S3P(3b,user283,2025-08-14 08:42:12
284,0,user284@example.com,!_9WvU!IsVn!,user284,2025-06-10 10:21:12
285,1,user285@example.com,)Hd%nyKhv8Ea,user285,2025-07-26 15:38:12
286,1,user286@example.com,fFEs6_+l_6+P,user286,2025-07-13 10:46:12
287,0,user287@example.com,&%JRi5my&N7C,user287,2025-01-15 19:03:12
288,1,user288@example.com,u2(j3Bth^jLc,user288,2025-01-08 04:20:12
289,0,user289@example.com,VO8Ngmf9@$Qh,user289,2024-11-29 02:29:12
290,1,user290@example.com,$&sN4i2&cz37,user290,2025-04-03 15:00:12
291,0,user291@example.com,^&%26YGn6WuT,user291,2025-02-22 15:30:12
292,0,user292@example.com,N)cdEc$el*B2,user292,2025-01-19 17:06:12
293,0,user293@example.com,n#KN)Sw5ta5(,user293,2025-06-14 14:21:12
294,0,user294@example.com,&AV2BTvl!koR,user294,2025-05-27 14:13:12
295,0,user295@example.com,ETzXaE@lW$+5,user295,2025-04-28 07:44:12
296,0,user296@example.com,u(F97Hmwg3LE,user296,2025-07-11 03:48:12
297,0,user297@example.com,Jg6^3HDzKXrq,user297,2025-07-10 23:47:12
298,0,user298@example.com,@72ePdqKJBy1,user298,2025-05-05 09:19:12
299,0,user299@example.com,_r32jFbsKHWK,user299,2025-04-03 17:10:12
300,1,user300@example.com,^kY1@YX921t5,user300,2024-10-28 06:05:12
301,0,user301@example.com,o&M5KQu@4)Ha,user301,2025-02-22 07:22:12
302,1,user302@example.com,QS6MeMUb$W0W,user302,2024-10-27 15:28:12
303,0,user303@example.com,hv4Aqy%s@!IY,user303,2025-08-28 20:37:12
304,0,user304@example.com,(8S4GpWT@iQf,user304,2024-10-18 13:04:12
305,1,user305@example.com,b(_@sE!k2RE5,user305,2025-03-10 20:15:12
306,0,user306@example.com,4xAcOM20Z0+m,user306,2025-04-23 22:39:12
307,0,user307@example.com,Rf5(8r2yk(nJ,user307,2025-05-19 23:25:12
308,0,user308@example.com,7maOX#vx^ro1,user308,2024-09-18 13:06:12
309,0,user309@example.com,R*3so@C%^Y1W,user309,2025-07-23 18:15:12
310,0,user310@example.com,xS!79ATz$WrG,user310,2024-11-24 09:13:12
311,0,user311@example.com,wP)$$IxkMDN4,user311,2025-02-10 02:42:12
312,1,user312@example.com,t#+iPxx3wa5U,user312,2024-12-01 21:36:12
313,1,user313@example.com,V@7lmAk_STJd,user313,2024-09-09 15:51:12
314,0,user314@example.com,neO_+0sBZ68n,user314,2024-09-24 14:51:12
315,0,user315@example.com,KPn@g2#iU*9R,user315,2025-03-25 00:41:12
316,0,user316@example.com,D$l9FA6ul%Us,user316,2025-01-31 11:16:12
317,0,user317@example.com,#454IAj(hLO@,user317,2025-02-26 04:05:12
318,0,user318@example.com,&^wMKKhnN18r,user318,2025-02-05 18:17:12
319,0,user319@example.com,sz((Oss!7O+3,user319,2025-06-12 11:10:12
320,0,user320@example.com,H3EGfQ5^_^$u,user320,2025-02-05 05:21:12
321,0,user321@example.com,jte@Z1JaMOK*,user321,2025-06-09 20:17:12
322,1,user322@example.com,h8_6MqqKi8+Q,user322,2025-06-20 03:26:12
323,0,user323@example.com,&X@kt8AnlHPm,user323,2025-07-17 05:38:12
324,0,user324@example.com,PemSW^9x@0BA,user324,2024-12-16 19:08:12
325,0,user325@example.com,%(JUJtpc_U6L,user325,2025-06-10 08:07:12
326,0,user326@example.com,lO4_8PCdIs8y,user326,2025-07-07 11:46:12
327,0,user327@example.com,Z)E^p07r2M3*,user327,2025-05-22 15:09:12
328,0,user328@example.com,$28VJFng_HUQ,user328,2025-08-09 08:57:12
329,1,user329@example.com,o8Oevnr7^NbF,user329,2024-10-10 12:12:12
330,0,user330@example.com,#pQ9SyQg9&3u,user330,2024-10-18 01:25:12
331,0,user331@example.com,*aH5VMJb&6Z%,user331,2024-10-08 16:38:12
332,0,user332@example.com,N_H9ZDw&y+bC,user332,2025-05-23 09:06:12
333,0,user333@example.com,F_CeuBbvjqM5,user333,2025-08-10 11:44:12
334,1,user334@example.com,#1H_OCwxKkY0,user334,2025-03-01 21:08:12
335,0,user335@example.com,7hP&5A$I@aI%,user335,2025-05-25 22:21:12
336,0,user336@example.com,z@opHOkF*&3w,user336,2024-09-21 22:35:12
337,0,user337@example.com,@OH*glq(W7Ri,user337,2025-07-02 11:39:12
338,0,user338@example.com,)s6UG9aXC4VT,user338,2024-10-14 14:36:12
339,0,user339@example.com,*_8xs$9b_eUi,user339,2024-11-06 16:50:12
340,0,user340@example.com,nh3yiX_m%*Kr,user340,2025-02-24 09:45:12
341,0,user341@example.com,5Ov0qHSu%C+A,user341,2025-08-20 23:38:12
342,0,user342@example.com,P_1m4vlo)qZ*,user342,2025-01-05 16:49:12
343,0,user343@example.com,^2_kLlW1XFFd,user343,2025-01-09 18:26:12
344,0,user344@example.com,*%JMm+kDr+0h,user344,2025-07-08 22:09:12
345,0,user345@example.com,q$L#V5bekRd7,user345,2025-02-25 21:26:12
346,0,user346@example.com,K3qNAYk(@KJO,user346,2024-12-13 03:15:12
347,1,user347@example.com,2!2nQDnT+&H+,user347,2025-06-26 21:18:12
348,0,user348@example.com,ttu7xOuj^Iz@,user348,2024-12-13 22:14:12
349,0,user349@example.com,f&c0ZOn3FacL,user349,2025-02-19 03:27:12
350,1,user350@example.com,@LyIDQ0dVSJ4,user350,2025-07-29 04:31:12
351,0,user351@example.com,amQ*^3OAsIg9,user351,2025-07-06 18:09:12
352,0,user352@example.com,mA@6E4$q#gY8,user352,2024-12-23 14:26:12
353,0,user353@example.com,L2DlWyHT*yFR,user353,2025-06-08 02:27:12
354,0,user354@example.com,!KqjfTkeA&D3,user354,2025-05-10 21:24:12
355,0,user355@example.com,@SG0BSkyhO#j,user355,2025-04-24 18:57:12
356,0,user356@example.com,+4ilJv9O1tzH,user356,2025-04-13 10:08:12
357,0,user357@example.com,0g(h_e6Q+r3S,user357,2024-12-29 17:40:12
358,0,user358@example.com,40l7DkZ8%wHF,user358,2024-12-15 16:57:12
359,0,user359@example.com,UL6IcfDtk#NC,user359,2025-05-22 18:52:12
360,1,user360@example.com,+#dHRnDhb2Y1,user360,2025-04-11 02:57:12
361,0,user361@example.com,D^Prw0CiFAVC,user361,2025-06-06 16:10:12
362,0,user362@example.com,r2Sv(pjh$*5A,user362,2025-08-07 03:23:12
363,0,user363@example.com,h$vGlNdAS^1^,user363,2025-01-12 06:44:12
364,0,user364@example.com,1oV)cOva$tIT,user364,2025-07-09 15:43:12
365,0,user365@example.com,*#Zb7OEgK3PX,user365,2025-02-11 00:26:12
366,0,user366@example.com,2_Py)qJ7&MZU,user366,2025-02-20 12:41:12
367,1,user367@example.com,4$H&Nqaq@5kY,user367,2025-03-15 21:49:12
368,0,user368@example.com,7mFy(3*f*ZbQ,user368,2024-10-20 01:14:12
369,0,user369@example.com,_SU)JJJaE4JF,user369,2024-12-10 15:58:12
370,0,user370@example.com,LVF1MqvpMB^s,user370,2024-11-05 02:20:12
371,0,user371@example.com,(7lOFDmmktx+,user371,2025-08-31 01:15:12
372,0,user372@example.com,rPX*V96zg_4D,user372,2025-04-05 04:37:12
373,0,user373@example.com,Qx2Xqx6v)PoL,user373,2024-12-12 12:20:12
374,1,user374@example.com,sQ8T8e+7Kt0%,user374,2024-12-24 16:38:12
375,0,user375@example.com,HN#jYju6yQc6,user375,2025-08-20 23:17:12
376,0,user376@example.com,31CcSQet*83m,user376,2025-03-29 20:44:12
377,0,user377@example.com,Dkk4raIz0$Rm,user377,2025-05-09 10:40:12
378,0,user378@example.com,oAziHbjSe(5O,user378,2025-06-24 17:54:12
379,0,user379@example.com,&yIXt1Ku%4Ya,user379,2024-12-31 19:09:12
380,1,user380@example.com,@QFSasM$n8B_,user380,2025-04-29 02:08:12
381,0,user381@example.com,+%a19QvK1A_B,user381,2025-07-30 04:08:12
382,0,user382@example.com,p5TRkU(6(qBo,user382,2025-04-15 11:26:12
383,0,user383@example.com,&idFDbnM4DBK,user383,2025-08-26 22:36:12
384,0,user384@example.com,T5YrlAr2&#lR,user384,2025-03-05 04:36:12
385,0,user385@example.com,_bDldu$!#3+v,user385,2024-10-27 07:31:12
386,0,user386@example.com,!n5BTiu#&7Z),user386,2025-06-09 00:15:12
387,1,user387@example.com,e_S!N0wT#WtM,user387,2025-08-19 12:06:12
388,0,user388@example.com,Z4RouUoR$oy4,user388,2025-08-02 21:17:12
389,0,user389@example.com,ub35RDn9@+u2,user389,2024-09-29 18:08:12
390,0,user390@example.com,eM+9WMXuprpm,user390,2024-12-09 04:36:12
391,0,user391@example.com,^TtGhvrdf9_k,user391,2024-10-07 10:25:12
392,0,user392@example.com,*FzRH6qw7(E5,user392,2024-12-14 15:13:12
393,0,user393@example.com,v!5V5eaau^dN,user393,2025-08-07 00:27:12
394,0,user394@example.com,*8FygboI3w2p,user394,2024-11-29 23:53:12
395,0,user395@example.com,*VJ!&Fn6l5r0,user395,2025-01-05 21:30:12
396,0,user396@example.com,*L%Z45Hs(Kz3,user396,2025-06-03 17:11:12
397,0,user397@example.com,1*6Lt*ZoF)^i,user397,2024-10-06 23:10:12
398,0,user398@example.com,u9*Ws+Pf)56m,user398,2024-09-10 15:32:12
399,1,user399@example.com,#C^l1Mxr3HHQ,user399,2024-10-10 06:34:12
400,0,user400@example.com,#xEXl7j!63YP,user400,2024-12-07 15:59:12
401,0,user401@example.com,xynhEA@yYL+1,user401,2025-05-12 21:21:12
402,0,user402@example.com,)4r@Y^rkQpkN,user402,2025-06-06 15:20:12
403,0,user403@example.com,@8qcWcQdxUUR,user403,2025-05-20 18:30:12
404,0,user404@example.com,zGp3FPnkA!2$,user404,2025-05-25 11:56:12
405,0,user405@example.com,UIX^*B)$!5Xm,user405,2025-02-18 03:19:12
406,0,user406@example.com,H7_pSv0nP$9R,user406,2024-09-25 06:47:12
407,0,user407@example.com,_F!ySz(49)@O,user407,2024-12-03 02:17:12
408,0,user408@example.com,m&pP7C_aAV3a,user408,2025-01-20 01:03:12
409,0,user409@example.com,L*21D2WqRa2U,user409,2025-03-27 17:52:12
410,0,user410@example.com,pm1Gs7Ub^GGk,user410,2025-07-23 05:19:12
411,1,user411@example.com,w+1GMPBayr3@,user411,2025-08-16 00:10:12
412,1,user412@example.com,$F9Nqzd0ctlu,user412,2025-06-10 13:08:12
413,0,user413@example.com,)Mg^kO7hxKg6,user413,2025-08-16 23:09:12
414,0,user414@example.com,(nAO^rKp08UX,user414,2024-10-11 22:33:12
415,1,user415@example.com,JBgOk!)e@5Gx,user415,2025-08-08 21:23:12
416,0,user416@example.com,C#w9T%hh_8tF,user416,2025-02-26 17:25:12
417,0,user417@example.com,y%32^Pjxk(rE,user417,2024-12-01 03:13:12
418,0,user418@example.com,$eqUP+NM%2uf,user418,2024-09-01 12:11:12
419,0,user419@example.com,%95_PBMi_fRA,user419,2025-05-19 21:15:12
420,1,user420@example.com,$j6(Iyoq0BBG,user420,2024-10-11 21:25:12
421,0,user421@example.com,)JD4q4$&7Gxc,user421,2024-10-12 14:47:12
422,1,user422@example.com,U(CndD*p7Z8x,user422,2025-07-12 04:04:12
423,0,user423@example.com,39!Pidw^$U3t,user423,2025-03-12 11:01:12
424,1,user424@example.com,)JPF*1$t90GH,user424,2025-04-22 15:14:12
425,0,user425@example.com,FKUzZOVb@9@P,user425,2025-02-24 13:28:12
426,0,user426@example.com,*1R4iOE6ndJ6,user426,2024-12-17 08:23:12
427,0,user427@example.com,Kc+FkcVt!4#K,user427,2025-08-16 11:16:12
428,0,user428@example.com,&7AwHBq&@SE6,user428,2025-07-12 12:47:12
429,0,user429@example.com,a^#LTW$dsS6e,user429,2024-11-29 06:04:12
430,0,user430@example.com,&U5(vojevXCV,user430,2025-07-16 05:25:12
431,0,user431@example.com,*kVGEyBt_n3_,user431,2025-01-20 23:44:12
432,0,user432@example.com,8%34ONas8x7j,user432,2025-08-04 23:55:12
433,0,user433@example.com,Jl0V^Mt9^mWM,user433,2024-12-23 01:27:12
434,0,user434@example.com,5P^Mb5K(!ya9,user434,2024-12-21 05:55:12
435,0,user435@example.com,&qcLSr^EcR57,user435,2024-12-11 15:41:12
436,0,user436@example.com,8k*W^PwiE!9$,user436,2025-04-08 17:33:12
437,0,user437@example.com,AFkFSMkn+VO3,user437,2025-06-08 20:37:12
438,0,user438@example.com,3BSQ)uFu!E3M,user438,2024-12-23 01:42:12
439,0,user439@example.com,j9z%PC^x@G5R,user439,2024-10-14 13:55:12
440,1,user440@example.com,z8R&W$pt_eyS,user440,2025-02-10 01:12:12
441,0,user441@example.com,Cl*6Wenu2DDn,user441,2024-10-05 23:54:12
442,0,user442@example.com,8b8e9dTfa^R(,user442,2025-04-19 10:20:12
443,0,user443@example.com,6^_cUHlzJW3K,user443,2025-06-05 11:21:12
444,0,user444@example.com,@s1zz@Myr5Fx,user444,2025-01-08 19:43:12
445,0,user445@example.com,#XKJjS8)q3L9,user445,2024-09-13 04:36:12
446,1,user446@example.com,@e^OQm313l5U,user446,2024-11-07 13:44:12
447,1,user447@example.com,(Bye#ddGe7Lv,user447,2025-01-13 02:42:12
448,0,user448@example.com,(pz3GnRb(TK1,user448,2025-06-06 09:49:12
449,0,user449@example.com,I^U4dGdX*19c,user449,2025-04-22 06:03:12
450,1,user450@example.com,i%(HR@NY(99J,user450,2025-01-07 03:21:12
451,0,user451@example.com,*3&r4)Ot!WSw,user451,2024-12-15 18:00:12
452,0,user452@example.com,ejK#&FFwRhd6,user452,2024-09-05 05:08:12
453,0,user453@example.com,*Xy5InOfHq2P,user453,2025-04-27 00:57:12
454,0,user454@example.com,Sw35J+oz$8P0,user454,2025-03-06 19:02:12
455,0,user455@example.com,a9DlKSr1$RId,user455,2025-05-27 15:31:12
456,0,user456@example.com,&P0@Rol7^e+J,user456,2025-06-08 03:11:12
457,1,user457@example.com,l5^d%27b+BPR,user457,2025-06-15 19:27:12
458,0,user458@example.com,s2Q0Pc2X@iUn,user458,2025-04-01 11:00:12
459,1,user459@example.com,V3W4mn+m^&!m,user459,2024-10-09 21:00:12
460,0,user460@example.com,O+MXh!xi%x9W,user460,2025-02-14 10:15:12
461,1,user461@example.com,K0O%78Rtl6#R,user461,2025-01-20 02:03:12
462,0,user462@example.com,2HOP37oq)cXU,user462,2024-10-12 14:48:12
463,1,user463@example.com,6^6m#llq%uGL,user463,2025-04-22 04:30:12
464,0,user464@example.com,71mAwc2eBx^@,user464,2025-04-29 10:33:12
465,0,user465@example.com,lK1&tkT(^3hE,user465,2024-10-04 10:23:12
466,0,user466@example.com,Pm9zRpxr!9cu,user466,2024-10-01 03:33:12
467,0,user467@example.com,j)5NxWHLRVZ8,user467,2025-05-06 03:06:12
468,0,user468@example.com,eeHRB9Oo4(0o,user468,2025-01-11 10:57:12
469,0,user469@example.com,)*5C$eoaAm&(,user469,2024-09-07 20:20:12
470,0,user470@example.com,Z_bD5N3n!9X%,user470,2025-02-08 01:32:12
471,0,user471@example.com,8Q3!Qqfi+VUR,user471,2025-04-25 10:47:12
472,0,user472@example.com,c((BZObzgF0u,user472,2024-10-17 10:44:12
473,0,user473@example.com,(N1ZEkIGPEs_,user473,2025-05-30 03:57:12
474,0,user474@example.com,_a7B!8e3fhP6,user474,2025-02-13 08:19:12
475,0,user475@example.com,!8YgXZj4by+H,user475,2025-08-12 15:43:12
476,0,user476@example.com,@3&+%f&XAo!G,user476,2025-05-21 07:55:12
477,1,user477@example.com,(282oe+f#MQx,user477,2024-11-10 09:43:12
478,0,user478@example.com,%L0PTr)u0hLz,user478,2024-12-31 08:16:12
479,0,user479@example.com,H43hrLozQ&jK,user479,2025-02-23 07:56:12
480,0,user480@example.com,#_oAdSVWm_1L,user480,2025-01-10 17:34:12
481,1,user481@example.com,AyxA%wBs)4Pm,user481,2024-12-11 20:31:12
482,0,user482@example.com,l(5_Qy1Ggg^%,user482,2025-03-02 04:14:12
483,0,user483@example.com,(5cQ&Nhz$1^S,user483,2025-02-17 12:14:12
484,1,user484@example.com,(W6KLGi&JzH8,user484,2025-01-29 10:37:12
485,0,user485@example.com,&W@20Egxq0ww,user485,2025-03-04 06:01:12
486,1,user486@example.com,Zj+&QWYuU!3m,user486,2025-03-29 00:52:12
487,0,user487@example.com,@0s3CTsseL6T,user487,2024-12-05 16:26:12
488,0,user488@example.com,g_qRJInoE_j5,user488,2025-01-07 18:07:12
489,1,user489@example.com,!b&uuepE87VG,user489,2025-07-27 04:05:12
490,0,user490@example.com,)1EPCzyolkOO,user490,2024-11-17 01:03:12
491,0,user491@example.com,ZW7TDoEXX_K8,user491,2025-06-18 12:35:12
492,0,user492@example.com,Ac0bryl$N^)H,user492,2025-02-01 09:59:12
493,0,user493@example.com,2hMxyx62%WCj,user493,2024-10-03 19:28:12
494,0,user494@example.com,_0JobdUW!lDP,user494,2025-03-03 17:00:12
495,0,user495@example.com,hW4^TLhT!7q8,user495,2024-09-14 15:50:12
496,0,user496@example.com,C%*ib20l+M6H,user496,2024-12-28 23:26:12
497,0,user497@example.com,#RRIuYfd6p@),user497,2025-04-10 13:02:12
498,0,user498@example.com,N(2XkHqC5lk_,user498,2025-03-20 08:46:12
499,0,user499@example.com,%GQj%wUfDW6Z,user499,2024-10-09 21:35:12
500,0,user500@example.com,GphHUMD5&#87,user500,2025-06-14 14:23:12
501,0,user501@example.com,#$Ca0NkTcQ9O,user501,2025-07-19 05:20:12
502,0,user502@example.com,vEo*ajnLLO8Y,user502,2025-06-21 07:24:12
503,0,user503@example.com,m49UFwy)!0I9,user503,2024-11-06 23:35:12
504,1,user504@example.com,!_1Mjc^dvM+N,user504,2025-07-26 03:59:12
505,0,user505@example.com,*AyJ9&a9V9l@,user505,2025-07-11 06:08:12
506,0,user506@example.com,fy7pHJzx*enJ,user506,2025-05-28 09:55:12
507,0,user507@example.com,E!zAu@Ej!5OQ,user507,2025-05-17 11:27:12
508,0,user508@example.com,#NggCPkbF6vj,user508,2024-10-23 01:39:12
509,0,user509@example.com,uk3EHQLc(4+q,user509,2025-07-16 02:20:12
510,0,user510@example.com,Yyt1jGWpg*7N,user510,2024-10-10 15:05:12
511,0,user511@example.com,A@@44HaGLv6l,user511,2025-05-14 08:12:12
512,0,user512@example.com,kT$AiqGc460F,user512,2025-01-19 02:21:12
513,1,user513@example.com,8$$fWzs2Z!5W,user513,2025-07-02 15:51:12
514,0,user514@example.com,(6IAqW!YIUn),user514,2025-06-21 08:46:12
515,0,user515@example.com,@v49FkEb+$If,user515,2024-12-27 09:20:12
516,1,user516@example.com,d+I%1EIehZ^P,user516,2024-12-23 16:46:12
517,1,user517@example.com,x&KH3EkrNV9j,user517,2024-10-29 01:17:12
518,1,user518@example.com,c35ACsUu$L2M,user518,2025-03-20 09:33:12
519,0,user519@example.com,U$Y4yQsp9gxw,user519,2024-09-25 14:24:12
520,0,user520@example.com,*(MktyqBRV1D,user520,2025-01-25 10:34:12
521,1,user521@example.com,b*81mr)W(3BV,user521,2024-10-09 12:37:12
522,0,user522@example.com,#_6RLMHy6&%+,user522,2025-08-21 05:15:12
523,0,user523@example.com,+x&ahNKt8tso,user523,2025-03-15 20:45:12
524,0,user524@example.com,*66vB3i4#Qh8,user524,2025-06-19 23:04:12
525,0,user525@example.com,)kW9nJyjvu0U,user525,2024-10-15 19:56:12
526,1,user526@example.com,f*%S*YIz+61J,user526,2024-09-28 12:56:12
527,0,user527@example.com,ZlmY4)Vb&!ZA,user527,2024-12-05 06:28:12
528,0,user528@example.com,As8UwObS$4)(,user528,2025-04-08 10:56:12
529,0,user529@example.com,L6cuW^s$(aX!,user529,2024-11-21 22:25:12
530,0,user530@example.com,v7&VeFrL_N*%,user530,2025-03-03 08:52:12
531,0,user531@example.com,8YSX1NUg#Cr$,user531,2025-04-14 07:55:12
532,0,user532@example.com,eHOYroBk@7D9,user532,2024-09-30 08:27:12
533,1,user533@example.com,d)GhXSe1PA!0,user533,2025-05-25 13:32:12
534,0,user534@example.com,0DXz@dZio#W7,user534,2024-11-04 04:12:12
535,0,user535@example.com,W$g+9Fixp&#Z,user535,2025-08-11 11:31:12
536,0,user536@example.com,t91Jpz1z^nIZ,user536,2025-02-05 06:41:12
537,1,user537@example.com,TE*_0Yf&^2EO,user537,2025-03-31 21:17:12
538,1,user538@example.com,r(4DiIeKeq&@,user538,2024-12-31 04:28:12
539,0,user539@example.com,43y+UHsa&011,user539,2024-12-18 06:38:12
540,0,user540@example.com,731Yn$oM+(e+,user540,2025-06-17 03:34:12
541,0,user541@example.com,Yr(%3NzhGBdU,user541,2024-10-30 03:12:12
542,0,user542@example.com,Ln_NQzJQHN7c,user542,2024-09-24 03:48:12
543,0,user543@example.com,+7PhMrlRyoHR,user543,2025-06-03 20:35:12
544,1,user544@example.com,M%0b8My*4xEO,user544,2025-08-13 10:28:12
545,1,user545@example.com,F5*(34ohg*nC,user545,2024-09-30 23:54:12
546,0,user546@example.com,RD5GDIbzCM_q,user546,2025-06-21 14:42:12
547,0,user547@example.com,(wTDIuymTX7n,user547,2025-03-30 18:51:12
548,1,user548@example.com,FPtWjkC@I$8A,user548,2025-08-21 10:41:12
549,0,user549@example.com,*66WZWse(!nM,user549,2025-08-04 08:41:12
550,0,user550@example.com,+BNPyZZy&909,user550,2025-07-02 10:41:12
551,0,user551@example.com,%7$MvQ*z^CFW,user551,2025-02-05 10:13:12
552,1,user552@example.com,n2PcRC@e!WQM,user552,2025-02-14 04:40:12
553,0,user553@example.com,G^2IXKMe+rCr,user553,2024-09-28 19:47:12
554,0,user554@example.com,(ddG^4oY*73%,user554,2024-11-24 21:12:12
555,0,user555@example.com,eb9PLuo_%iBy,user555,2025-05-15 19:37:12
556,1,user556@example.com,Gk62Pzn5f8I*,user556,2025-08-29 23:34:12
557,0,user557@example.com,Kg7xzc7v#HAB,user557,2025-07-17 17:22:12
558,1,user558@example.com,4mIKqNiyAR@9,user558,2025-01-03 00:00:12
559,0,user559@example.com,UdX_EC@i(6ex,user559,2025-04-29 09:31:12
560,0,user560@example.com,xpI7KiQnz!Qg,user560,2025-08-06 12:28:12
561,0,user561@example.com,QfcVr5aq*9i@,user561,2024-09-10 19:31:12
562,0,user562@example.com,PI%Fx&9hc185,user562,2025-04-03 03:42:12
563,0,user563@example.com,u83RXGfi!4xt,user563,2025-01-08 02:18:12
564,0,user564@example.com,^7_5GrXIe7N3,user564,2025-08-05 02:15:12
565,1,user565@example.com,5^lM8Iv2rHh&,user565,2025-08-24 03:34:12
566,0,user566@example.com,_j)l7Nb3_dFT,user566,2025-07-22 11:58:12
567,0,user567@example.com,+@64+Nu#udnJ,user567,2024-10-28 18:22:12
568,0,user568@example.com,%nJ_inB6@R33,user568,2024-10-24 22:57:12
569,0,user569@example.com,*U9NeT8zf5EV,user569,2024-11-10 00:49:12
570,0,user570@example.com,fyGoDOr9%9I(,user570,2025-06-07 19:26:12
571,1,user571@example.com,6(uJVyfd%XIY,user571,2024-10-05 18:37:12
572,0,user572@example.com,3_QV4f%_VcW),user572,2024-12-30 11:28:12
573,0,user573@example.com,(5EUVmtOM#Ut,user573,2025-04-14 05:56:12
574,0,user574@example.com,@9g(C8PkYQ^p,user574,2025-07-31 04:36:12
575,0,user575@example.com,tEws_7XqGjUt,user575,2024-10-28 13:22:12
576,0,user576@example.com,q7slUI!s#w58,user576,2025-08-24 19:39:12
577,0,user577@example.com,%1J2UBwq4!!S,user577,2024-11-05 10:21:12
578,0,user578@example.com,XR3!xkuxFSPk,user578,2025-02-14 02:53:12
579,0,user579@example.com,CxkdjGk7RF*8,user579,2025-05-04 09:59:12
580,0,user580@example.com,geE5*SV8^6Iy,user580,2025-03-20 16:00:12
581,0,user581@example.com,(W*dV^qS&75P,user581,2024-11-04 22:59:12
582,0,user582@example.com,j_G%ErLhbG9D,user582,2024-11-12 20:00:12
583,0,user583@example.com,cCR*_+6Dl5TY,user583,2024-11-24 02:28:12
584,0,user584@example.com,9@VDiT4a6(9^,user584,2025-03-07 07:12:12
585,0,user585@example.com,4m5$9Zu0)kLp,user585,2024-12-26 12:05:12
586,0,user586@example.com,bIVW$$bue!2P,user586,2025-05-04 14:39:12
587,1,user587@example.com,^J157K^iR4Hm,user587,2025-02-10 09:32:12
588,0,user588@example.com,#(6fpfb%BVI4,user588,2025-04-23 05:29:12
589,1,user589@example.com,dx!)fjIp_24w,user589,2025-02-15 09:43:12
590,1,user590@example.com,k9Ed062i(z6D,user590,2025-03-03 22:03:12
591,0,user591@example.com,x2qL0JVh1Q4(,user591,2024-12-08 15:21:12
592,0,user592@example.com,HYS)1Q4hJAQ0,user592,2025-03-20 08:45:12
593,0,user593@example.com,vU3ptho5!gcZ,user593,2025-05-27 18:05:12
594,1,user594@example.com,XydMVTjA)m1Y,user594,2024-09-07 14:54:12
595,0,user595@example.com,G8XjJHiOs$0i,user595,2025-03-01 11:28:12
596,0,user596@example.com,SjM2(&Vs*n$a,user596,2025-06-16 17:15:12
597,0,user597@example.com,VM9)56UmHWaK,user597,2024-12-22 12:22:12
598,1,user598@example.com,4PO(Sp7&X$2L,user598,2024-10-12 09:27:12
599,1,user599@example.com,J6SbwMXH)!Ol,user599,2025-03-23 05:16:12
600,0,user600@example.com,(Jy3PUpGH85k,user600,2024-12-09 05:16:12
601,1,user601@example.com,&e8BAuDC7lSH,user601,2025-05-19 05:46:12
602,0,user602@example.com,Lxk4QGgB@A41,user602,2025-05-14 15:18:12
603,0,user603@example.com,!oFnZqFdS9kn,user603,2025-01-25 20:49:12
604,0,user604@example.com,bzKJPUxof@1_,user604,2024-10-24 20:01:12
605,0,user605@example.com,RapfvyPb*6Jp,user605,2025-03-11 18:06:12
606,0,user606@example.com,JGvlqG7s^55),user606,2025-08-17 23:15:12
607,0,user607@example.com,r&vQG)je^y5a,user607,2024-09-04 09:46:12
608,0,user608@example.com,0xKTW&xh!gc),user608,2025-07-30 04:37:12
609,0,user609@example.com,*DbDsds8!w1H,user609,2025-07-01 02:12:12
610,0,user610@example.com,fJ_gFs4l^t4@,user610,2024-11-15 16:36:12
611,1,user611@example.com,Unc2_of6%cFZ,user611,2024-09-23 07:52:12
612,1,user612@example.com,1)i(pqVUU14J,user612,2025-06-11 13:02:12
613,0,user613@example.com,x9RxWNAq2M#8,user613,2025-05-10 19:15:12
614,0,user614@example.com,^Z%kZHu@6Ky8,user614,2025-03-04 22:20:12
615,0,user615@example.com,08XEql0*^9P*,user615,2025-08-17 23:01:12
616,0,user616@example.com,oV0Q&_!m18@s,user616,2024-09-02 00:36:12
617,0,user617@example.com,$Dh&CrBk9Zm&,user617,2024-12-27 23:11:12
618,1,user618@example.com,)wYgl_7e6peC,user618,2025-08-29 17:34:12
619,0,user619@example.com,@8aYX%setXPq,user619,2024-11-03 05:49:12
620,0,user620@example.com,oG31oWr23!6r,user620,2025-07-09 08:57:12
621,0,user621@example.com,r@EG#4zp&6tn,user621,2025-02-13 20:54:12
622,0,user622@example.com,1s+KTtGUx50a,user622,2025-06-06 10:02:12
623,0,user623@example.com,ki07Er%es@HU,user623,2024-09-19 23:48:12
624,0,user624@example.com,%c7%CbYnYth3,user624,2025-05-24 23:07:12
625,0,user625@example.com,^a%5$Lhfy!0g,user625,2025-05-11 21:18:12
626,0,user626@example.com,W64##TSqffD8,user626,2025-02-21 01:09:12
627,0,user627@example.com,0CBt#eIw@a)p,user627,2025-07-13 11:24:12
628,1,user628@example.com,+r^z1@_jW5P$,user628,2025-07-24 09:56:12
629,0,user629@example.com,!@37x3Kc4bP$,user629,2025-05-04 09:10:12
630,0,user630@example.com,)9TRUzJfmY8s,user630,2025-06-19 14:03:12
631,0,user631@example.com,%@3qGu@pFDdR,user631,2025-05-31 01:49:12
632,0,user632@example.com,@Q7OPf(Jm3RB,user632,2025-06-18 09:22:12
633,1,user633@example.com,sQRBIojP%Kv8,user633,2025-01-29 11:02:12
634,1,user634@example.com,&rJ7QqzfJnJ2,user634,2025-04-15 05:24:12
635,0,user635@example.com,))50H!nu@Cse,user635,2025-06-07 15:46:12
636,1,user636@example.com,g662MwI*@o_%,user636,2025-01-10 09:10:12
637,1,user637@example.com,%9Ue4)QH4FEk,user637,2024-12-12 22:37:12
638,0,user638@example.com,(RL7Gydl)W15,user638,2024-09-23 17:42:12
639,0,user639@example.com,&YsRCegUv&66,user639,2025-04-07 21:01:12
640,0,user640@example.com,*5o_66InmwCB,user640,2025-02-26 11:01:12
641,0,user641@example.com,*tUoC)iR7)SP,user641,2025-05-02 20:53:12
642,0,user642@example.com,5lK^Nz@$*LN_,user642,2025-06-09 22:24:12
643,0,user643@example.com,(sZ63HEj^r3b,user643,2025-04-03 19:37:12
644,1,user644@example.com,s#K3HJ4hB_37,user644,2024-12-15 13:45:12
645,1,user645@example.com,SVQD1QImz+4Z,user645,2025-08-31 07:59:12
646,1,user646@example.com,%+Kg72W657K1,user646,2025-01-21 22:19:12
647,0,user647@example.com,wp4eN$cuS*w5,user647,2025-04-12 06:06:12
648,1,user648@example.com,nK13XlhS1%gf,user648,2025-05-31 07:28:12
649,0,user649@example.com,6QlrpFcS*5MW,user649,2025-06-03 17:39:12
650,1,user650@example.com,m7t1FHeK%AfY,user650,2025-07-18 04:31:12
651,0,user651@example.com,%tV7a2Gft4_F,user651,2025-04-13 19:04:12
652,1,user652@example.com,(o2Gv*i79q4V,user652,2024-09-23 01:37:12
653,0,user653@example.com,H4hJSvh0)l5(,user653,2024-11-06 15:05:12
654,1,user654@example.com,h14W2AQji%vt,user654,2024-09-11 00:44:12
655,0,user655@example.com,4wxucKn+^3&B,user655,2025-08-03 07:26:12
656,0,user656@example.com,+yk^Fg0K+3NS,user656,2025-04-09 03:22:12
657,0,user657@example.com,@CxRbe2cx&7D,user657,2025-07-16 23:51:12
658,0,user658@example.com,*o2QZg2B*mv),user658,2024-12-30 19:22:12
659,0,user659@example.com,(*l9XBe2l_6p,user659,2025-04-26 18:41:12
660,0,user660@example.com,cKI14zZvR%9I,user660,2025-02-25 23:07:12
661,0,user661@example.com,O^3Tp3+iaen&,user661,2024-11-10 04:23:12
662,1,user662@example.com,$mFIHw5wXM8m,user662,2024-12-08 09:44:12
663,1,user663@example.com,$Y&VLWprk(8F,user663,2025-03-02 02:02:12
664,0,user664@example.com,X4M$z8Xa6E%O,user664,2025-03-20 01:22:12
665,0,user665@example.com,zP46ZfvE@#J),user665,2025-07-31 14:22:12
666,1,user666@example.com,+C)0OIq_3QcB,user666,2024-12-21 09:45:12
667,1,user667@example.com,b9&HHjk#WU7j,user667,2024-11-29 20:16:12
668,0,user668@example.com,kI29KQrL)U73,user668,2025-07-17 16:38:12
669,1,user669@example.com,f7!#qof22TtC,user669,2025-07-10 15:01:12
670,0,user670@example.com,gY%LQWTs*f9R,user670,2025-08-17 00:11:12
671,0,user671@example.com,%*4U6Ay^LGW+,user671,2025-05-24 16:16:12
672,0,user672@example.com,)ruk7TiD$8Uj,user672,2024-10-09 05:48:12
673,0,user673@example.com,_4RnXwAbd9Ww,user673,2024-09-06 10:11:12
674,0,user674@example.com,BQK2c7j#5*wR,user674,2025-07-14 02:06:12
675,1,user675@example.com,k!riWt+^SQ6R,user675,2025-06-29 09:46:12
676,0,user676@example.com,!2U)zsqpEtZ@,user676,2025-04-10 21:10:12
677,1,user677@example.com,L!0_PQ$zlZz5,user677,2025-06-22 06:40:12
678,0,user678@example.com,E!49O%xz(n3o,user678,2025-05-07 19:35:12
679,0,user679@example.com,(iy3WQkiJSj@,user679,2025-02-09 18:25:12
680,1,user680@example.com,aSAW7Parg$i+,user680,2024-10-10 11:33:12
681,0,user681@example.com,mJ)pJOsd1h3u,user681,2024-10-27 08:15:12
682,0,user682@example.com,t7wor)FF!QTa,user682,2025-08-05 12:56:12
683,0,user683@example.com,Dk3UOLdz_(%W,user683,2025-03-13 01:50:12
684,0,user684@example.com,%gK072Lh9Fe1,user684,2024-11-16 13:25:12
685,0,user685@example.com,)y)3ge+Bhc@R,user685,2024-11-17 22:57:12
686,0,user686@example.com,b2%l2Ywv(eSK,user686,2024-09-17 13:02:12
687,0,user687@example.com,@701dyHeM3CD,user687,2024-09-26 04:17:12
688,0,user688@example.com,*x6vbxB1+$Iz,user688,2024-12-03 19:13:12
689,0,user689@example.com,ClyTCe&Y$t4V,user689,2025-05-21 07:35:12
690,1,user690@example.com,SJKpPgcA^4O8,user690,2025-06-21 10:52:12
691,0,user691@example.com,(iPoTpYB0Rv#,user691,2025-01-11 04:15:12
692,0,user692@example.com,$m!+XdBs+z%2,user692,2025-08-11 22:22:12
693,0,user693@example.com,z7a$xSkY&MJ1,user693,2025-04-17 02:38:12
694,0,user694@example.com,oz0Kxbr2+D5I,user694,2024-11-27 22:38:12
695,1,user695@example.com,$v6Pw1#^(JYE,user695,2025-06-30 08:17:12
696,0,user696@example.com,!+t_F$aeW74z,user696,2025-08-11 15:10:12
697,0,user697@example.com,DOC70Wg*3sS&,user697,2024-10-04 19:10:12
698,1,user698@example.com,437EnpBUBSR^,user698,2024-12-11 16:12:12
699,0,user699@example.com,J9NAGjBa&@Qq,user699,2024-12-01 19:49:12
700,1,user700@example.com,!89barXC6ZYN,user700,2025-06-25 14:19:12
701,0,user701@example.com,$uYRRvxK28Jl,user701,2025-04-06 16:02:12
702,0,user702@example.com,6e42rWV7D(#E,user702,2024-11-25 14:24:12
703,0,user703@example.com,JhQ+iTbY!4iV,user703,2024-09-10 06:03:12
704,0,user704@example.com,mu369P8NS_(2,user704,2025-05-20 06:32:12
705,0,user705@example.com,*z&fjHmeW2iB,user705,2024-11-24 14:38:12
706,0,user706@example.com,$8hdPFf#h4R2,user706,2025-03-27 00:02:12
707,0,user707@example.com,#^h8%Vvgt!+$,user707,2025-05-27 07:43:12
708,0,user708@example.com,Y_a)2zbLa#9D,user708,2024-11-05 12:17:12
709,0,user709@example.com,&SCj5GWG%z6j,user709,2025-06-09 16:57:12
710,0,user710@example.com,^82!s%iP1P2F,user710,2024-12-23 15:59:12
711,0,user711@example.com,)HnNvs@aqU1F,user711,2025-05-13 15:14:12
712,0,user712@example.com,AA7FkSfXZ&nL,user712,2025-06-11 07:13:12
713,0,user713@example.com,4Xd0t%JfCGK_,user713,2025-03-06 09:35:12
714,1,user714@example.com,bAEl2tHz)H%p,user714,2025-02-14 09:55:12
715,0,user715@example.com,nUJe$@oJ$4C7,user715,2025-07-07 08:03:12
716,0,user716@example.com,bP#Dzd)F(h6o,user716,2024-09-19 00:18:12
717,1,user717@example.com,DAsF#Wtt)8fr,user717,2025-03-12 02:55:12
718,1,user718@example.com,SW4OteHX!$N$,user718,2025-05-20 04:38:12
719,0,user719@example.com,#(IL!o4zP19*,user719,2024-12-09 20:30:12
720,0,user720@example.com,2EkcBHxd%f2P,user720,2024-12-31 15:27:12
721,0,user721@example.com,!yWLeVX!474t,user721,2024-10-12 02:09:12
722,0,user722@example.com,!9GZyHqS29Kv,user722,2025-07-10 23:51:12
723,0,user723@example.com,F6bKack2!U$W,user723,2024-11-05 20:46:12
724,0,user724@example.com,^iT6Lmjt+nU5,user724,2024-11-12 19:51:12
725,0,user725@example.com,&qa0ysKy2Jy^,user725,2025-04-10 04:39:12
726,1,user726@example.com,)#09p5Po@oD#,user726,2025-01-12 01:48:12
727,0,user727@example.com,BaJlMe%5*3Xp,user727,2025-03-04 14:55:12
728,0,user728@example.com,A*2P(dk6V@CB,user728,2024-11-20 04:53:12
729,0,user729@example.com,B_3@BkOMmnI1,user729,2025-08-28 00:23:12
730,0,user730@example.com,(zXbHQ1tIg92,user730,2025-02-18 09:58:12
731,1,user731@example.com,n!EQt!&4q27O,user731,2025-03-29 19:50:12
732,0,user732@example.com,^F97O+n*2RCA,user732,2024-11-07 17:12:12
733,0,user733@example.com,enN05H%bB_p4,user733,2025-03-15 13:24:12
734,0,user734@example.com,53nw1lHr!tQV,user734,2025-04-29 14:04:12
735,0,user735@example.com,U+04xe@1VPzP,user735,2025-08-27 00:14:12
736,0,user736@example.com,ck&mCUWsBXp2,user736,2024-12-20 14:19:12
737,0,user737@example.com,E1_0^Uiv*1UW,user737,2025-03-25 06:38:12
738,0,user738@example.com,p*2z0JqegEYi,user738,2024-12-10 07:31:12
739,0,user739@example.com,!XTX77znt2bO,user739,2025-02-13 09:55:12
740,1,user740@example.com,*E+Ne#UN06FT,user740,2024-09-19 12:49:12
741,0,user741@example.com,$tAdDMvcK0uP,user741,2024-09-19 21:44:12
742,0,user742@example.com,5b%MAAiX&Fl_,user742,2025-02-03 12:45:12
743,0,user743@example.com,K%KrDBbf$_#5,user743,2024-11-17 06:08:12
744,0,user744@example.com,o@MHvszXEc5L,user744,2025-01-28 08:52:12
745,0,user745@example.com,R^1zipAttv9J,user745,2024-10-16 05:56:12
746,0,user746@example.com,F4OME1lS!vZj,user746,2025-07-15 18:54:12
747,0,user747@example.com,ciLYxlox&9sO,user747,2025-07-24 14:45:12
748,1,user748@example.com,j!yOVz4$md6l,user748,2024-09-30 14:33:12
749,0,user749@example.com,q%0RbGtr^65$,user749,2024-12-14 10:37:12
750,1,user750@example.com,R8S8(Haw^7f6,user750,2025-04-05 08:04:12
751,0,user751@example.com,#!S1JIId2^b#,user751,2025-05-27 11:06:12
752,1,user752@example.com,I$IP&VJCojk6,user752,2024-11-15 05:11:12
753,0,user753@example.com,4vMlbG)c%hW4,user753,2024-10-12 03:31:12
754,1,user754@example.com,ME5*x0a@$e#A,user754,2025-02-02 23:27:12
755,1,user755@example.com,F+8zEwGAyET0,user755,2024-09-02 01:42:12
756,1,user756@example.com,!P@8YgBQ7s!(,user756,2025-03-29 11:24:12
757,1,user757@example.com,!eu_r(W9s5Ie,user757,2025-08-24 03:16:12
758,1,user758@example.com,C2w+e&$4ZLEm,user758,2024-12-20 06:41:12
759,0,user759@example.com,6pNK)RFe@Sj3,user759,2024-10-04 06:45:12
760,0,user760@example.com,*gNzr1D_N3U2,user760,2024-11-10 17:51:12
761,0,user761@example.com,V$%Ivpd7LF6C,user761,2025-06-18 18:44:12
762,0,user762@example.com,(5AKIaW@tw#!,user762,2025-07-09 00:11:12
763,1,user763@example.com,4(8M2zh948Ha,user763,2024-12-07 08:25:12
764,0,user764@example.com,&dGS^oUrq9ac,user764,2025-01-23 22:36:12
765,1,user765@example.com,!@VLNMpbrC4n,user765,2024-11-08 14:08:12
766,0,user766@example.com,#lcHJsx4vgz7,user766,2025-03-03 16:07:12
767,1,user767@example.com,_5vq4DSn3q(8,user767,2024-10-14 20:23:12
768,0,user768@example.com,8h9!(dzz$0dA,user768,2024-11-06 21:55:12
769,1,user769@example.com,idE8Kr1D&&BE,user769,2024-10-16 12:16:12
770,1,user770@example.com,Ju2OY&Uc_&ZF,user770,2025-02-10 05:29:12
771,0,user771@example.com,5%1(h(RLt2&K,user771,2025-01-18 22:38:12
772,0,user772@example.com,e5YzJnY1*XSR,user772,2025-05-09 23:07:12
773,0,user773@example.com,rz(3UZApjf#T,user773,2025-06-04 14:17:12
774,0,user774@example.com,#WPXNW9mW6qO,user774,2025-01-10 14:51:12
775,0,user775@example.com,x&*NZxy)Nk#4,user775,2024-12-21 22:02:12
776,0,user776@example.com,iP#3CvFu^jMR,user776,2024-09-20 01:40:12
777,0,user777@example.com,tPDLixvb!0qe,user777,2025-03-26 11:21:12
778,0,user778@example.com,q^pXOd2xPA71,user778,2025-08-20 17:12:12
779,1,user779@example.com,(0DuJh4FDraA,user779,2025-03-01 12:06:12
780,1,user780@example.com,(j#jISc6_3v6,user780,2025-04-05 11:42:12
781,0,user781@example.com,oTusC6NjME&G,user781,2025-03-13 06:22:12
782,0,user782@example.com,+7gktZ8jFP7I,user782,2025-02-06 04:13:12
783,0,user783@example.com,i6O(R_HG*GHH,user783,2025-01-27 12:42:12
784,0,user784@example.com,9d1EKKQa)xXJ,user784,2025-05-26 09:59:12
785,0,user785@example.com,mdrLgrOm(0WS,user785,2025-01-20 23:00:12
786,0,user786@example.com,6&Rf1JrbCuOi,user786,2025-03-10 20:02:12
787,0,user787@example.com,#p$WAO*d8CD(,user787,2025-07-15 18:00:12
788,0,user788@example.com,48xSEUj0&n%K,user788,2025-06-27 06:49:12
789,0,user789@example.com,N2p9Fkma5j+z,user789,2025-05-01 18:54:12
790,0,user790@example.com,0f9YEgZG%m8q,user790,2025-02-05 11:37:12
791,0,user791@example.com,j$7SBOawtWd@,user791,2025-05-17 14:47:12
792,0,user792@example.com,7*Y%Gnea5$h7,user792,2025-05-07 09:34:12
793,1,user793@example.com,xy6G5)9r%!qM,user793,2024-09-04 15:39:12
794,0,user794@example.com,2)6GCWBa(4lb,user794,2024-11-04 12:43:12
795,0,user795@example.com,CE8ZUhZ05)XW,user795,2024-10-24 08:04:12
796,1,user796@example.com,zg(5EaS_gUPx,user796,2025-06-30 02:45:12
797,1,user797@example.com,$KzTDEvZh4vJ,user797,2025-04-15 00:28:12
798,0,user798@example.com,(5Wz@ijuwh&Z,user798,2025-08-17 02:32:12
799,0,user799@example.com,$R#67JUvZmu6,user799,2025-03-25 23:53:12
800,0,user800@example.com,ZL!CG8hB$j4_,user800,2024-09-10 18:28:12
801,0,user801@example.com,f34G6hOyv%K4,user801,2025-03-20 17:35:12
802,0,user802@example.com,xEXa5A3jhk(1,user802,2025-07-28 06:19:12
803,0,user803@example.com,+gtf)N4xW#5C,user803,2024-12-18 15:05:12
804,1,user804@example.com,4@ze3EvplY9s,user804,2025-03-25 22:03:12
805,0,user805@example.com,!fM7xD2d@*^*,user805,2025-02-08 14:55:12
806,0,user806@example.com,h(5BRnxE!W(K,user806,2025-01-06 03:21:12
807,0,user807@example.com,Na62S7p4k^K0,user807,2025-06-25 16:06:12
808,1,user808@example.com,^H8c1WqelKYD,user808,2024-09-18 02:33:12
809,0,user809@example.com,j^1K8FKd14@H,user809,2025-02-01 23:35:12
810,0,user810@example.com,4%+af3NqDO!!,user810,2025-01-07 16:23:12
811,0,user811@example.com,i$rh6zPtJf23,user811,2024-10-14 21:06:12
812,0,user812@example.com,)c%aj1XG%9KG,user812,2025-04-15 04:31:12
813,0,user813@example.com,68TCaKu4^adn,user813,2024-09-19 22:52:12
814,1,user814@example.com,*_IJ)#geZD7$,user814,2025-06-10 11:05:12
815,0,user815@example.com,LEZw7YMl7+A&,user815,2025-06-13 11:30:12
816,1,user816@example.com,d15RIQf0$O@K,user816,2025-03-25 03:37:12
817,0,user817@example.com,Y5p7EBtB^WZI,user817,2024-11-15 16:41:12
818,0,user818@example.com,3*F2jbrU+oFS,user818,2024-12-08 15:18:12
819,0,user819@example.com,Lt!v3^Adb&+z,user819,2024-09-15 05:55:12
820,0,user820@example.com,^73psvOqf@XY,user820,2025-07-05 03:59:12
821,0,user821@example.com,PLpCLemg1_z0,user821,2024-11-05 04:33:12
822,1,user822@example.com,q9xppgfm$uAB,user822,2025-04-28 03:10:12
823,1,user823@example.com,%+)lJK#s82N7,user823,2025-03-21 17:28:12
824,0,user824@example.com,HsgfkJKb#0d2,user824,2025-07-18 10:33:12
825,0,user825@example.com,rPe5LgOi+d3T,user825,2024-10-20 17:00:12
826,0,user826@example.com,alSl*8QvnUPo,user826,2025-03-06 10:49:12
827,0,user827@example.com,8IaTRp@a!QKg,user827,2024-09-11 07:30:12
828,0,user828@example.com,Z#KwTlbEW046,user828,2024-10-14 03:49:12
829,0,user829@example.com,(EU5AOYTyD3u,user829,2024-09-19 02:04:12
830,0,user830@example.com,0kq5Wmeu_HAm,user830,2024-12-12 19:46:12
831,0,user831@example.com,9b3OO!w8L%(9,user831,2025-08-09 01:25:12
832,0,user832@example.com,@)mPrDx7&(*2,user832,2025-04-20 18:43:12
833,1,user833@example.com,&l3khfd&t0TT,user833,2024-10-09 16:43:12
834,0,user834@example.com,e47ONAng!32y,user834,2025-08-01 18:55:12
835,0,user835@example.com,l6XnxqZ&^NO&,user835,2025-07-15 17:37:12
836,0,user836@example.com,aic0BwsD$s$l,user836,2025-06-23 02:32:12
837,0,user837@example.com,55A&G8l5+bIp,user837,2024-12-27 16:32:12
838,0,user838@example.com,y%N9fM0B$k2R,user838,2024-12-11 01:49:12
839,1,user839@example.com,A*YYUa4yC^P6,user839,2024-10-07 12:33:12
840,0,user840@example.com,bH0CnwT!u8i#,user840,2024-09-03 19:40:12
841,0,user841@example.com,c7VLVD5v#Ax1,user841,2025-03-14 03:25:12
842,1,user842@example.com,4bE18WQul@kL,user842,2025-01-26 18:34:12
843,0,user843@example.com,ZO%3gIeI%J(b,user843,2024-10-29 09:24:12
844,0,user844@example.com,Ij_J4ZhSBh#B,user844,2025-05-18 20:33:12
845,0,user845@example.com,w1xgm!Pw(9+F,user845,2025-02-28 09:04:12
846,1,user846@example.com,xT&#BLbP4S2c,user846,2025-04-10 15:05:12
847,1,user847@example.com,VG1H#h)tP+8N,user847,2025-03-26 10:10:12
848,1,user848@example.com,YU#A0$Yn(T5^,user848,2025-01-16 09:41:12
849,0,user849@example.com,M)g0hInQ*km5,user849,2025-06-06 07:13:12
850,1,user850@example.com,t0Fh3Hs3%Ggm,user850,2025-01-04 09:12:12
851,0,user851@example.com,3p0OM@cv!T!M,user851,2025-03-15 00:41:12
852,0,user852@example.com,J(MzIMa3_9OU,user852,2024-10-05 08:50:12
853,0,user853@example.com,N6PaiA0B_it&,user853,2024-11-26 14:17:12
854,0,user854@example.com,)xykuvFaRZ28,user854,2025-07-16 03:59:12
855,0,user855@example.com,V3DkfmA6+F%&,user855,2024-10-01 02:01:12
856,0,user856@example.com,8w_+V^raBRSO,user856,2025-07-22 19:30:12
857,1,user857@example.com,q&&%7Ksf7)Sn,user857,2025-02-10 19:59:12
858,0,user858@example.com,$AdVEBbfT08l,user858,2024-10-09 07:23:12
859,0,user859@example.com,@0z(4NUx3QB^,user859,2024-09-16 19:11:12
860,0,user860@example.com,^1$KGe5rNQMD,user860,2025-03-26 00:38:12
861,0,user861@example.com,g_5X0EedY^Q9,user861,2025-05-29 03:25:12
862,0,user862@example.com,+XMJmWoC9G0W,user862,2025-05-06 13:09:12
863,0,user863@example.com,#AOXZEv6*g9k,user863,2025-02-23 16:02:12
864,1,user864@example.com,o(SeUHubv+I4,user864,2025-07-08 05:26:12
865,0,user865@example.com,2IbcnvACJ!8N,user865,2024-09-04 11:20:12
866,1,user866@example.com,(!VVy653aP4P,user866,2025-05-13 08:50:12
867,0,user867@example.com,qnOXx2tXS3O_,user867,2025-06-12 14:39:12
868,0,user868@example.com,Ns8g4Go2!1@M,user868,2025-07-21 19:33:12
869,0,user869@example.com,5I7oTpzb^LCg,user869,2025-06-22 09:37:12
870,0,user870@example.com,*11xMFp68hDN,user870,2025-07-17 22:23:12
871,0,user871@example.com,!69t4Or4xbJr,user871,2025-05-26 17:31:12
872,0,user872@example.com,_8L9Zzif_5bF,user872,2025-08-15 04:23:12
873,0,user873@example.com,eMiU+9Hx21%t,user873,2024-12-13 11:08:12
874,0,user874@example.com,F*6nQLzyI_&4,user874,2024-09-27 22:45:12
875,0,user875@example.com,@Y9_k2BfbSRw,user875,2025-03-11 21:49:12
876,1,user876@example.com,e5gP&Ip9I!5S,user876,2025-06-02 01:07:12
877,0,user877@example.com,V3y_xgWWTWFh,user877,2025-08-29 09:26:12
878,0,user878@example.com,Aoi+xg)T@w6N,user878,2025-03-06 06:05:12
879,0,user879@example.com,#9&DWvSZY#9x,user879,2024-11-27 13:44:12
880,0,user880@example.com,^@0#RmUz)*Y#,user880,2024-12-01 03:22:12
881,1,user881@example.com,n0TKpKIU)O&u,user881,2025-02-07 04:38:12
882,1,user882@example.com,I24I$%f@_2ER,user882,2025-08-01 00:34:12
883,0,user883@example.com,_+4DZSlB40$i,user883,2024-09-28 14:41:12
884,0,user884@example.com,Si!2Rd(l@5ZD,user884,2025-02-24 08:35:12
885,0,user885@example.com,(lAbtAhw2u^Z,user885,2025-03-31 13:44:12
886,0,user886@example.com,v00yIyu(z^0O,user886,2025-08-17 18:03:12
887,0,user887@example.com,0F91tMcI)7Bw,user887,2025-01-14 02:12:12
888,1,user888@example.com,^y@AFgkTV6Rh,user888,2024-11-08 12:42:12
889,0,user889@example.com,v9jRpmNt(Y!J,user889,2025-01-30 12:44:12
890,0,user890@example.com,N&H^o!PoU!4h,user890,2025-01-18 12:01:12
891,1,user891@example.com,HwCs@M+k9+2J,user891,2025-05-31 17:42:12
892,0,user892@example.com,hqOfu3@v@1Vp,user892,2025-05-10 15:36:12
893,1,user893@example.com,x^7qFNc3dz57,user893,2024-12-03 03:01:12
894,0,user894@example.com,_1RfJuqx+J$g,user894,2025-05-07 06:48:12
895,0,user895@example.com,f^4KimEB)_7Z,user895,2024-11-11 02:10:12
896,0,user896@example.com,I!kcl4Lmse!B,user896,2024-11-03 06:12:12
897,0,user897@example.com,@qEni3nkZ7Lo,user897,2024-09-18 21:26:12
898,0,user898@example.com,@b&mBG4&g2FY,user898,2024-12-17 06:45:12
899,0,user899@example.com,J_4K7&Sv$%Rx,user899,2025-07-04 03:31:12
900,0,user900@example.com,5_j5Q3FmkUct,user900,2025-01-08 02:52:12
901,0,user901@example.com,RT4DME+x%rmq,user901,2025-05-25 05:47:12
902,0,user902@example.com,_G4jDg8pEV3J,user902,2025-06-22 12:28:12
903,0,user903@example.com,^O6SgHnCFOOk,user903,2025-02-05 17:14:12
904,0,user904@example.com,B1uECj@u)gBA,user904,2025-08-24 01:39:12
905,0,user905@example.com,G_B58IVeako+,user905,2025-01-08 15:10:12
906,0,user906@example.com,f8n+K)1CrhPt,user906,2025-01-25 21:38:12
907,0,user907@example.com,87^lhb$6@rVS,user907,2025-05-20 06:10:12
908,0,user908@example.com,L55AC*pw$lX4,user908,2025-03-03 18:54:12
909,0,user909@example.com,r9qMAOFy@z4P,user909,2025-03-10 00:34:12
910,1,user910@example.com,6mAGjIq(^7kP,user910,2025-04-23 21:02:12
911,0,user911@example.com,9w00oQ*$+fEQ,user911,2024-12-06 12:31:12
912,0,user912@example.com,^EnDlRa$&6SI,user912,2024-10-26 13:11:12
913,0,user913@example.com,&0UfZZdlF4P5,user913,2025-03-17 05:10:12
914,1,user914@example.com,%8DgZayI74#O,user914,2024-09-20 17:01:12
915,0,user915@example.com,%B6ZmNacl1@b,user915,2024-09-10 10:16:12
916,0,user916@example.com,p7Vn6bEh!U&1,user916,2024-11-07 10:10:12
917,0,user917@example.com,LUd&x#La$Z2N,user917,2024-12-25 21:13:12
918,0,user918@example.com,*9@#SLAy2&T9,user918,2025-05-29 19:42:12
919,0,user919@example.com,yVf**%Cj2Hn1,user919,2024-09-14 02:53:12
920,0,user920@example.com,5h+z0Gv+qZS2,user920,2024-11-03 15:43:12
921,0,user921@example.com,wr3H#dx4$4Qh,user921,2025-04-16 10:17:12
922,1,user922@example.com,I_V0qGrzFl76,user922,2025-06-15 08:45:12
923,0,user923@example.com,B^3zAIJg((ny,user923,2025-08-15 23:13:12
924,1,user924@example.com,wnI$USRkd)8w,user924,2024-10-05 02:39:12
925,0,user925@example.com,_m334UjHi9f@,user925,2024-12-31 18:33:12
926,0,user926@example.com,$W4V4uj1r1@y,user926,2025-02-11 16:22:12
927,0,user927@example.com,Jq!D6aRmGcg6,user927,2024-12-10 21:54:12
928,0,user928@example.com,*1WGDFd0IFRf,user928,2025-05-13 14:20:12
929,1,user929@example.com,U#7_67UuQpDm,user929,2024-10-16 23:04:12
930,1,user930@example.com,p_I1I08w)n(2,user930,2025-02-28 00:48:12
931,0,user931@example.com,tA1nf8rxJ+O6,user931,2025-01-04 11:18:12
932,0,user932@example.com,G!OUdjJS%r1u,user932,2025-08-28 13:40:12
933,0,user933@example.com,&xAphH)wu47l,user933,2025-05-08 00:02:12
934,0,user934@example.com,L&tHVgHg_z8I,user934,2024-10-24 22:37:12
935,1,user935@example.com,&97uJ*Hfb!FO,user935,2024-09-22 20:00:12
936,0,user936@example.com,L^N4$Uo8E8Fc,user936,2025-07-30 08:01:12
937,0,user937@example.com,H)PrKxv4d14u,user937,2024-11-11 07:40:12
938,0,user938@example.com,r$N8qO&l!D^1,user938,2024-09-08 22:19:12
939,0,user939@example.com,D)ZUkBdy)j86,user939,2025-07-14 17:28:12
940,0,user940@example.com,cTK$AaDG+6DT,user940,2024-11-12 04:11:12
941,0,user941@example.com,qh#3GYevn98P,user941,2025-04-09 16:22:12
942,0,user942@example.com,2&MX9Nt+7miI,user942,2025-06-20 03:13:12
943,0,user943@example.com,Ir9CGgs_@1M5,user943,2025-03-10 00:54:12
944,0,user944@example.com,12tuQ6@d#g9l,user944,2024-10-10 16:55:12
945,0,user945@example.com,@+2TrD_ak38&,user945,2025-02-05 14:14:12
946,0,user946@example.com,n)OFLIux9D4A,user946,2024-09-22 13:21:12
947,0,user947@example.com,34^J8GX2RSTe,user947,2024-12-28 07:54:12
948,0,user948@example.com,3$7#Qa6c#6UI,user948,2025-05-03 13:08:12
949,1,user949@example.com,ikpai8vV$7BY,user949,2025-08-28 02:48:12
950,0,user950@example.com,8%GmDlRNHA3u,user950,2025-02-10 05:28:12
951,0,user951@example.com,^A!G3jCvd1VV,user951,2025-06-06 06:13:12
952,1,user952@example.com,+y5FLmiRM+j3,user952,2025-03-27 15:31:12
953,0,user953@example.com,R+A30dJzoRzG,user953,2024-09-28 14:13:12
954,0,user954@example.com,$kv7kvsw@IDU,user954,2024-11-06 21:40:12
955,1,user955@example.com,Ec&@hNRpeT^1,user955,2024-11-07 12:48:12
956,0,user956@example.com,eT(@BfOw2Cr1,user956,2024-09-12 10:31:12
957,0,user957@example.com,Ee29w1Tp_gsS,user957,2025-07-28 08:57:12
958,0,user958@example.com,G7C1QXfo#WvQ,user958,2025-04-12 15:43:12
959,1,user959@example.com,(L$FI7#oRCk6,user959,2025-06-08 04:00:12
960,0,user960@example.com,lMqI1MAo)I9O,user960,2025-08-21 18:14:12
961,0,user961@example.com,)wZau5AbC7Vu,user961,2025-05-21 04:59:12
962,0,user962@example.com,8QC0%rwaa(ta,user962,2024-10-04 21:05:12
963,0,user963@example.com,9sd(Wgl*+H+H,user963,2025-08-02 19:39:12
964,1,user964@example.com,_7R3s^vogzMN,user964,2025-07-25 05:56:12
965,0,user965@example.com,Sn1AZrHf_$7Q,user965,2025-08-29 18:00:12
966,0,user966@example.com,(0LMfIPzH^b),user966,2025-08-24 03:57:12
967,0,user967@example.com,$1ucRe9p8xm(,user967,2025-05-15 13:57:12
968,0,user968@example.com,9(CIWneJrV9Q,user968,2025-08-18 03:46:12
969,0,user969@example.com,_KVeIhY&RH8Y,user969,2024-09-18 14:06:12
970,1,user970@example.com,(n&EzC+bK1dd,user970,2025-01-31 23:12:12
971,0,user971@example.com,m25BiJq_I@6Z,user971,2025-03-13 08:39:12
972,0,user972@example.com,6PHBx2Zz^Gg_,user972,2025-01-07 00:16:12
973,0,user973@example.com,tVKc)7NgteRo,user973,2024-11-16 03:57:12
974,1,user974@example.com,(8WzcuF^DNWt,user974,2024-10-21 01:31:12
975,0,user975@example.com,Yy8+xzZNW3uF,user975,2025-06-12 22:16:12
976,1,user976@example.com,@gicifRYZ9A&,user976,2025-06-19 07:28:12
977,0,user977@example.com,l@q33ZMvZ(aq,user977,2025-03-01 12:50:12
978,0,user978@example.com,^_O6UREk*&7x,user978,2024-09-17 05:22:12
979,0,user979@example.com,G%%brwJp^6RV,user979,2024-09-29 04:41:12
980,0,user980@example.com,I1E6fpc9^cHy,user980,2024-10-19 15:25:12
981,0,user981@example.com,Uj$0EFmdn*o4,user981,2025-08-15 03:58:12
982,0,user982@example.com,02#)Aa#XRz2d,user982,2024-11-23 01:48:12
983,0,user983@example.com,&*ajstsnn*8N,user983,2025-02-27 07:44:12
984,0,user984@example.com,16frCxyl+Jbz,user984,2025-06-25 16:17:12
985,0,user985@example.com,$hbOlLadz@14,user985,2025-07-11 03:26:12
986,0,user986@example.com,!bCHjvUsr83L,user986,2025-02-27 19:37:12
987,0,user987@example.com,At2&9UFb(b81,user987,2025-07-16 23:38:12
988,1,user988@example.com,G2Yh1hxq$hL6,user988,2025-08-01 06:45:12
989,0,user989@example.com,_)J)jfk+z696,user989,2025-05-30 15:39:12
990,0,user990@example.com,z9)vUeih+0FN,user990,2025-06-16 18:22:12
991,0,user991@example.com,^n&JqVo3(+5I,user991,2025-06-10 08:16:12
992,0,user992@example.com,g8H6F9Ha_UVk,user992,2024-09-02 16:49:12
993,0,user993@example.com,^408KgHw!q%F,user993,2024-12-19 17:37:12
994,0,user994@example.com,%m6Nm0_HK02z,user994,2025-02-13 10:04:12
995,0,user995@example.com,F*7ZqocvAxp&,user995,2025-08-18 20:35:12
996,0,user996@example.com,d^42&&dS^WOA,user996,2025-07-29 03:19:12
997,0,user997@example.com,A0jWyE2$A&3m,user997,2025-03-05 23:03:12
998,0,user998@example.com,8PE9dfuS^4uC,user998,2025-02-03 11:35:12
999,0,user999@example.com,09wC)OMe+QLU,user999,2025-05-10 00:01:12
1000,1,user1000@example.com,cB40Mlzb(#@z,user1000,2024-09-02 11:02:12
